ID,CityID,BookingChannelId,NameEN,NameAR,CityNameEN,CityNameAR,MobileNo,PhoneNumber,Fax,Address,CoordinateLongitude,CoordinateLatitude,CountryCode,DistanceToOriginBranch,Name,WorkingHours,Channel,WorkingHoursList/0/Id,WorkingHoursList/0/Day,WorkingHoursList/0/StartTime,WorkingHoursList/0/EndTime,WorkingHoursList/0/Is24Hours,WorkingHoursList/0/IsDayOff,WorkingHoursList/1/Id,WorkingHoursList/1/Day,WorkingHoursList/1/StartTime,WorkingHoursList/1/EndTime,WorkingHoursList/1/Is24Hours,WorkingHoursList/1/IsDayOff,WorkingHoursList/2/Id,WorkingHoursList/2/Day,WorkingHoursList/2/StartTime,WorkingHoursList/2/EndTime,WorkingHoursList/2/Is24Hours,WorkingHoursList/2/IsDayOff,WorkingHoursList/3/Id,WorkingHoursList/3/Day,WorkingHoursList/3/StartTime,WorkingHoursList/3/EndTime,WorkingHoursList/3/Is24Hours,WorkingHoursList/3/IsDayOff,WorkingHoursList/4/Id,WorkingHoursList/4/Day,WorkingHoursList/4/StartTime,WorkingHoursList/4/EndTime,WorkingHoursList/4/Is24Hours,WorkingHoursList/4/IsDayOff,WorkingHoursList/5/Id,WorkingHoursList/5/Day,WorkingHoursList/5/StartTime,WorkingHoursList/5/EndTime,WorkingHoursList/5/Is24Hours,WorkingHoursList/5/IsDayOff,WorkingHoursList/6/Id,WorkingHoursList/6/Day,WorkingHoursList/6/StartTime,WorkingHoursList/6/EndTime,WorkingHoursList/6/Is24Hours,WorkingHoursList/6/IsDayOff,ParameterName,Success,Warning,StatusMessage,WarningMessage,WorkingHoursList/7/Id,WorkingHoursList/7/Day,WorkingHoursList/7/StartTime,WorkingHoursList/7/EndTime,WorkingHoursList/7/Is24Hours,WorkingHoursList/7/IsDayOff,WorkingHoursList/8/Id,WorkingHoursList/8/Day,WorkingHoursList/8/StartTime,WorkingHoursList/8/EndTime,WorkingHoursList/8/Is24Hours,WorkingHoursList/8/IsDayOff,WorkingHoursList/9/Id,WorkingHoursList/9/Day,WorkingHoursList/9/StartTime,WorkingHoursList/9/EndTime,WorkingHoursList/9/Is24Hours,WorkingHoursList/9/IsDayOff,WorkingHoursList/10/Id,WorkingHoursList/10/Day,WorkingHoursList/10/StartTime,WorkingHoursList/10/EndTime,WorkingHoursList/10/Is24Hours,WorkingHoursList/10/IsDayOff,WorkingHoursList/11/Id,WorkingHoursList/11/Day,WorkingHoursList/11/StartTime,WorkingHoursList/11/EndTime,WorkingHoursList/11/Is24Hours,WorkingHoursList/11/IsDayOff,WorkingHoursList/12/Id,WorkingHoursList/12/Day,WorkingHoursList/12/StartTime,WorkingHoursList/12/EndTime,WorkingHoursList/12/Is24Hours,WorkingHoursList/12/IsDayOff,WorkingHoursList/13/Id,WorkingHoursList/13/Day,WorkingHoursList/13/StartTime,WorkingHoursList/13/EndTime,WorkingHoursList/13/Is24Hours,WorkingHoursList/13/IsDayOff
26,28,0,Abha Airport,,Abha,,8001000014,8001000014,-,"Abha Airport,Abha",42.656171,18.235641,1,,Abha Airport,u003cdivu003eFriday: 24 hours Thursday: 24 hours Wednesday: 24 hours Tuesday: 24 hours Monday: 24 hours Sunday: 24 hours Saturday: 24 hours.u003c/divu003e,,0,283,,,TRUE,FALSE,0,282,,,TRUE,FALSE,0,281,,,TRUE,FALSE,0,280,,,TRUE,FALSE,0,279,,,TRUE,FALSE,0,278,,,TRUE,FALSE,0,277,,,TRUE,FALSE,abha-airport,FALSE,FALSE,-,-,,,,,,,,,,,,,,,,,,,,,,,,,,,,,,,,,,,,,,,,,,
216,78,0,Abhur Al Junoobiyah- Jeddah,,Jeddah,,8001000014,8001000014,-,"Abhur Al Junoobiyah- Jeddah,Jeddah",39.148167,21.745722,1,,Abhur Al Junoobiyah- Jeddah,u003cdivu003eSaturday : 08:00 - 23:59  Sunday : 08:00 - 23:59  Monday : 08:00 - 23:59  Tuesday : 08:00 - 23:59  Wednesday : 08:00 - 23:59  Thursday : 08:00 - 23:59  Friday : 15:00 - 23:59 u003c/divu003e,,0,277,08:00:00,23:59:00,FALSE,FALSE,0,278,08:00:00,23:59:00,FALSE,FALSE,0,279,08:00:00,23:59:00,FALSE,FALSE,0,280,08:00:00,23:59:00,FALSE,FALSE,0,281,08:00:00,23:59:00,FALSE,FALSE,0,282,08:00:00,23:59:00,FALSE,FALSE,0,283,15:00:00,23:59:00,FALSE,FALSE,abhur-al-junoobiyah-jeddah,FALSE,FALSE,-,-,,,,,,,,,,,,,,,,,,,,,,,,,,,,,,,,,,,,,,,,,,
1052,82,0,Abu Hadriya branch,,Dammam,,8001000014,8001000014,-,"Abu Hadriya branch,Dammam",50.018185,26.397074,1,,Abu Hadriya branch,u003cdivu003eSaturday : 08:00 - 23:59  Sunday : 08:00 - 23:59  Monday : 08:00 - 23:59  Tuesday : 08:00 - 23:59  Wednesday : 08:00 - 23:59  Thursday : 08:00 - 23:59  Friday : 15:00 - 23:59 u003c/divu003e,,0,277,08:00:00,23:59:00,FALSE,FALSE,0,278,08:00:00,23:59:00,FALSE,FALSE,0,279,08:00:00,23:59:00,FALSE,FALSE,0,280,08:00:00,23:59:00,FALSE,FALSE,0,281,08:00:00,23:59:00,FALSE,FALSE,0,282,08:00:00,23:59:00,FALSE,FALSE,0,283,15:00:00,23:59:00,FALSE,FALSE,abu-hadriya-branch,FALSE,FALSE,-,-,,,,,,,,,,,,,,,,,,,,,,,,,,,,,,,,,,,,,,,,,,
197,80,0,Ad Darb - Ad Darb,,Jizan,,8001000014,8001000014,-,"Ad Darb - Ad Darb,Jizan",42.254101,17.729614,1,,Ad Darb - Ad Darb,u003cdivu003eSaturday : 08:00 - 23:59  Sunday : 08:00 - 23:59  Monday : 08:00 - 23:59  Tuesday : 08:00 - 23:59  Wednesday : 08:00 - 23:59  Thursday : 08:00 - 23:59  Friday : 15:00 - 23:59 u003c/divu003e,,0,277,08:00:00,23:59:00,FALSE,FALSE,0,278,08:00:00,23:59:00,FALSE,FALSE,0,279,08:00:00,23:59:00,FALSE,FALSE,0,280,08:00:00,23:59:00,FALSE,FALSE,0,281,08:00:00,23:59:00,FALSE,FALSE,0,282,08:00:00,23:59:00,FALSE,FALSE,0,283,15:00:00,23:59:00,FALSE,FALSE,ad-darb-ad-darb,FALSE,FALSE,-,-,,,,,,,,,,,,,,,,,,,,,,,,,,,,,,,,,,,,,,,,,,
214,80,0,Ahad Al Mosarihah,,Jizan,,8001000014,8001000014,-,"Ahad Al Mosarihah,Jizan",42.946642,16.713366,1,,Ahad Al Mosarihah,u003cdivu003eSaturday : 08:00 - 23:59  Sunday : 08:00 - 23:59  Monday : 08:00 - 23:59  Tuesday : 08:00 - 23:59  Wednesday : 08:00 - 23:59  Thursday : 08:00 - 23:59  Friday : 15:00 - 23:59 u003c/divu003e,,0,277,08:00:00,23:59:00,FALSE,FALSE,0,278,08:00:00,23:59:00,FALSE,FALSE,0,279,08:00:00,23:59:00,FALSE,FALSE,0,280,08:00:00,23:59:00,FALSE,FALSE,0,281,08:00:00,23:59:00,FALSE,FALSE,0,282,08:00:00,23:59:00,FALSE,FALSE,0,283,15:00:00,23:59:00,FALSE,FALSE,ahad-al-mosarihah,FALSE,FALSE,-,-,,,,,,,,,,,,,,,,,,,,,,,,,,,,,,,,,,,,,,,,,,
221,1,0,Al Ahmadyah - Riyadh,,Riyadh,,8001000014,8001000014,-,"Al Ahmadyah - Riyadh,Riyadh",46.622334,24.635344,1,,Al Ahmadyah - Riyadh,u003cdivu003eSaturday : 12:00 - 23:59  Sunday : 12:00 - 23:59  Monday : 12:00 - 23:59  Tuesday : 12:00 - 23:59  Wednesday : 12:00 - 23:59  Thursday : 12:00 - 23:59 u003c/divu003e,,0,277,12:00:00,23:59:00,FALSE,FALSE,0,278,12:00:00,23:59:00,FALSE,FALSE,0,279,12:00:00,23:59:00,FALSE,FALSE,0,280,12:00:00,23:59:00,FALSE,FALSE,0,281,12:00:00,23:59:00,FALSE,FALSE,0,282,12:00:00,23:59:00,FALSE,FALSE,,,,,,,al-ahmadyah-riyadh,FALSE,FALSE,-,-,,,,,,,,,,,,,,,,,,,,,,,,,,,,,,,,,,,,,,,,,,
176,1,0,Al Aqiq - Riyadh,,Riyadh,,8001000014,8001000014,-,"Al Aqiq - Riyadh,Riyadh",46.626275,24.791584,1,,Al Aqiq - Riyadh,u003cdivu003eSaturday : 12:00 - 23:59  Sunday : 12:00 - 23:59  Monday : 12:00 - 23:59  Tuesday : 12:00 - 23:59  Wednesday : 12:00 - 23:59  Thursday : 12:00 - 23:59 u003c/divu003e,,0,277,12:00:00,23:59:00,FALSE,FALSE,0,278,12:00:00,23:59:00,FALSE,FALSE,0,279,12:00:00,23:59:00,FALSE,FALSE,0,280,12:00:00,23:59:00,FALSE,FALSE,0,281,12:00:00,23:59:00,FALSE,FALSE,0,282,12:00:00,23:59:00,FALSE,FALSE,,,,,,,al-aqiq-riyadh,FALSE,FALSE,-,-,,,,,,,,,,,,,,,,,,,,,,,,,,,,,,,,,,,,,,,,,,
212,83,0,Al Aziziyah - Al Madina,,Al Madena,,8001000014,8001000014,-,"Al Aziziyah - Al Madina,Al Madena",39.532603,24.423694,1,,Al Aziziyah - Al Madina,u003cdivu003eSaturday : 12:00 - 23:59  Sunday : 12:00 - 23:59  Monday : 12:00 - 23:59  Tuesday : 12:00 - 23:59  Wednesday : 12:00 - 23:59  Thursday : 12:00 - 23:59 u003c/divu003e,,0,277,12:00:00,23:59:00,FALSE,FALSE,0,278,12:00:00,23:59:00,FALSE,FALSE,0,279,12:00:00,23:59:00,FALSE,FALSE,0,280,12:00:00,23:59:00,FALSE,FALSE,0,281,12:00:00,23:59:00,FALSE,FALSE,0,282,12:00:00,23:59:00,FALSE,FALSE,,,,,,,al-aziziyah-al-madina,FALSE,FALSE,-,-,,,,,,,,,,,,,,,,,,,,,,,,,,,,,,,,,,,,,,,,,,
180,175,0,Al Aziziyah - AlUla,,alula,,8001000014,8001000014,-,"Al Aziziyah - AlUla,alula",37.957801,26.549289,1,,Al Aziziyah - AlUla,u003cdivu003eSaturday : 08:00 - 23:59  Sunday : 08:00 - 23:59  Monday : 08:00 - 23:59  Tuesday : 08:00 - 23:59  Wednesday : 08:00 - 23:59  Thursday : 08:00 - 23:59  Friday : 15:00 - 23:59 u003c/divu003e,,0,277,08:00:00,23:59:00,FALSE,FALSE,0,278,08:00:00,23:59:00,FALSE,FALSE,0,279,08:00:00,23:59:00,FALSE,FALSE,0,280,08:00:00,23:59:00,FALSE,FALSE,0,281,08:00:00,23:59:00,FALSE,FALSE,0,282,08:00:00,23:59:00,FALSE,FALSE,0,283,15:00:00,23:59:00,FALSE,FALSE,al-aziziyah-alula,FALSE,FALSE,-,-,,,,,,,,,,,,,,,,,,,,,,,,,,,,,,,,,,,,,,,,,,
69,78,0,Al Aziziyah - Jeddah,,Jeddah,,8001000014,8001000014,-,"Al Aziziyah - Jeddah,Jeddah",39.204635,21.547749,1,,Al Aziziyah - Jeddah,u003cdivu003eSaturday : 08:00 - 23:59  Sunday : 08:00 - 23:59  Monday : 08:00 - 23:59  Tuesday : 08:00 - 23:59  Wednesday : 08:00 - 23:59  Thursday : 08:00 - 23:59  Friday : 15:00 - 23:59 u003c/divu003e,,0,277,08:00:00,23:59:00,FALSE,FALSE,0,278,08:00:00,23:59:00,FALSE,FALSE,0,279,08:00:00,23:59:00,FALSE,FALSE,0,280,08:00:00,23:59:00,FALSE,FALSE,0,281,08:00:00,23:59:00,FALSE,FALSE,0,282,08:00:00,23:59:00,FALSE,FALSE,0,283,15:00:00,23:59:00,FALSE,FALSE,al-aziziyah-jeddah,FALSE,FALSE,-,-,,,,,,,,,,,,,,,,,,,,,,,,,,,,,,,,,,,,,,,,,,
89,1,0,Al Aziziyah - Riyadh,,Riyadh,,8001000014,8001000014,-,"Al Aziziyah - Riyadh,Riyadh",46.767852,24.566564,1,,Al Aziziyah - Riyadh,u003cdivu003eSaturday : 12:00 - 23:59  Sunday : 12:00 - 23:59  Monday : 12:00 - 23:59  Tuesday : 12:00 - 23:59  Wednesday : 12:00 - 23:59  Thursday : 12:00 - 23:59 u003c/divu003e,,0,277,12:00:00,23:59:00,FALSE,FALSE,0,278,12:00:00,23:59:00,FALSE,FALSE,0,279,12:00:00,23:59:00,FALSE,FALSE,0,280,12:00:00,23:59:00,FALSE,FALSE,0,281,12:00:00,23:59:00,FALSE,FALSE,0,282,12:00:00,23:59:00,FALSE,FALSE,,,,,,,al-aziziyah-riyadh,FALSE,FALSE,-,-,,,,,,,,,,,,,,,,,,,,,,,,,,,,,,,,,,,,,,,,,,
185,28,0,Al Badia - Abha,,Abha,,8001000014,8001000014,-,"Al Badia - Abha,Abha",42.569739,18.238972,1,,Al Badia - Abha,u003cdivu003eSaturday : 08:00 - 23:59  Sunday : 08:00 - 23:59  Monday : 08:00 - 23:59  Tuesday : 08:00 - 23:59  Wednesday : 08:00 - 23:59  Thursday : 08:00 - 23:59  Friday : 15:00 - 23:59 u003c/divu003e,,0,277,08:00:00,23:59:00,FALSE,FALSE,0,278,08:00:00,23:59:00,FALSE,FALSE,0,279,08:00:00,23:59:00,FALSE,FALSE,0,280,08:00:00,23:59:00,FALSE,FALSE,0,281,08:00:00,23:59:00,FALSE,FALSE,0,282,08:00:00,23:59:00,FALSE,FALSE,0,283,15:00:00,23:59:00,FALSE,FALSE,al-badia-abha,FALSE,FALSE,-,-,,,,,,,,,,,,,,,,,,,,,,,,,,,,,,,,,,,,,,,,,,
24,15,0,Al Balad - Jubayl,,Jubail,,8001000014,8001000014,-,"Al Balad - Jubayl,Jubail",49.656984,27.004163,1,,Al Balad - Jubayl,u003cdivu003eSaturday : 08:00 - 23:59  Sunday : 08:00 - 23:59  Monday : 08:00 - 23:59  Tuesday : 08:00 - 23:59  Wednesday : 08:00 - 23:59  Thursday : 08:00 - 23:59  Friday : 15:00 - 23:59 u003c/divu003e,,0,277,08:00:00,23:59:00,FALSE,FALSE,0,278,08:00:00,23:59:00,FALSE,FALSE,0,279,08:00:00,23:59:00,FALSE,FALSE,0,280,08:00:00,23:59:00,FALSE,FALSE,0,281,08:00:00,23:59:00,FALSE,FALSE,0,282,08:00:00,23:59:00,FALSE,FALSE,0,283,15:00:00,23:59:00,FALSE,FALSE,al-balad-jubayl,FALSE,FALSE,-,-,,,,,,,,,,,,,,,,,,,,,,,,,,,,,,,,,,,,,,,,,,
65,92,0,Al Buhayrah - Yanbu,,YANBU,,8001000014,8001000014,-,"Al Buhayrah - Yanbu,YANBU",38.095606,24.077617,1,,Al Buhayrah - Yanbu,u003cdivu003eSaturday : 08:00 - 23:59  Sunday : 08:00 - 23:59  Monday : 08:00 - 23:59  Tuesday : 08:00 - 23:59  Wednesday : 08:00 - 23:59  Thursday : 08:00 - 23:59  Friday : 15:00 - 23:59 u003c/divu003e,,0,277,08:00:00,23:59:00,FALSE,FALSE,0,278,08:00:00,23:59:00,FALSE,FALSE,0,279,08:00:00,23:59:00,FALSE,FALSE,0,280,08:00:00,23:59:00,FALSE,FALSE,0,281,08:00:00,23:59:00,FALSE,FALSE,0,282,08:00:00,23:59:00,FALSE,FALSE,0,283,15:00:00,23:59:00,FALSE,FALSE,al-buhayrah-yanbu,FALSE,FALSE,-,-,,,,,,,,,,,,,,,,,,,,,,,,,,,,,,,,,,,,,,,,,,
135,154,0,Al Fahd  - Bisha,,Besha,,8001000014,8001000014,-,"Al Fahd  - Bisha,Besha",42.6105,19.992339,1,,Al Fahd  - Bisha,u003cdivu003eSaturday : 08:00 - 23:59  Sunday : 08:00 - 23:59  Monday : 08:00 - 23:59  Tuesday : 08:00 - 23:59  Wednesday : 08:00 - 23:59  Thursday : 08:00 - 23:59  Friday : 15:00 - 23:59 u003c/divu003e,,0,277,08:00:00,23:59:00,FALSE,FALSE,0,278,08:00:00,23:59:00,FALSE,FALSE,0,279,08:00:00,23:59:00,FALSE,FALSE,0,280,08:00:00,23:59:00,FALSE,FALSE,0,281,08:00:00,23:59:00,FALSE,FALSE,0,282,08:00:00,23:59:00,FALSE,FALSE,0,283,15:00:00,23:59:00,FALSE,FALSE,al-fahd-bisha,FALSE,FALSE,-,-,,,,,,,,,,,,,,,,,,,,,,,,,,,,,,,,,,,,,,,,,,
226,82,0,Al Faisaliah   Dammam,,Dammam,,-,-,-,"Al Faisaliah   Dammam,Dammam",50.050203,26.400763,1,,Al Faisaliah   Dammam,u003cdivu003eSaturday : 08:00 - 23:59  Sunday : 08:00 - 23:59  Monday : 08:00 - 23:59  Tuesday : 08:00 - 23:59  Wednesday : 08:00 - 23:59  Thursday : 08:00 - 23:59  Friday : 15:00 - 23:59 u003c/divu003e,,0,277,08:00:00,23:59:00,FALSE,FALSE,0,278,08:00:00,23:59:00,FALSE,FALSE,0,279,08:00:00,23:59:00,FALSE,FALSE,0,280,08:00:00,23:59:00,FALSE,FALSE,0,281,08:00:00,23:59:00,FALSE,FALSE,0,282,08:00:00,23:59:00,FALSE,FALSE,0,283,15:00:00,23:59:00,FALSE,FALSE,al-faisaliah---dammam,FALSE,FALSE,-,-,,,,,,,,,,,,,,,,,,,,,,,,,,,,,,,,,,,,,,,,,,
196,1,0,Al Faisaliyyah - Al Diriyah,,Riyadh,,8001000014,8001000014,-,"Al Faisaliyyah - Al Diriyah,Riyadh",46.580137,24.753489,1,,Al Faisaliyyah - Al Diriyah,u003cdivu003eSaturday : 08:00 - 23:59  Sunday : 08:00 - 23:59  Monday : 08:00 - 23:59  Tuesday : 08:00 - 23:59  Wednesday : 08:00 - 23:59  Thursday : 08:00 - 23:59  Friday : 15:00 - 23:59 u003c/divu003e,,0,277,08:00:00,23:59:00,FALSE,FALSE,0,278,08:00:00,23:59:00,FALSE,FALSE,0,279,08:00:00,23:59:00,FALSE,FALSE,0,280,08:00:00,23:59:00,FALSE,FALSE,0,281,08:00:00,23:59:00,FALSE,FALSE,0,282,08:00:00,23:59:00,FALSE,FALSE,0,283,15:00:00,23:59:00,FALSE,FALSE,al-faisaliyyah-al-diriyah,FALSE,FALSE,-,-,,,,,,,,,,,,,,,,,,,,,,,,,,,,,,,,,,,,,,,,,,
133,17,0,Al Faisaliyyah - Hafar Al Batin,,Hafr Batin,,8001000014,8001000014,-,"Al Faisaliyyah - Hafar Al Batin,Hafr Batin",45.962874,28.388505,1,,Al Faisaliyyah - Hafar Al Batin,u003cdivu003eSaturday : 08:00 - 23:59  Sunday : 08:00 - 23:59  Monday : 08:00 - 23:59  Tuesday : 08:00 - 23:59  Wednesday : 08:00 - 23:59  Thursday : 08:00 - 23:59  Friday : 15:00 - 23:59 u003c/divu003e,,0,277,08:00:00,23:59:00,FALSE,FALSE,0,278,08:00:00,23:59:00,FALSE,FALSE,0,279,08:00:00,23:59:00,FALSE,FALSE,0,280,08:00:00,23:59:00,FALSE,FALSE,0,281,08:00:00,23:59:00,FALSE,FALSE,0,282,08:00:00,23:59:00,FALSE,FALSE,0,283,15:00:00,23:59:00,FALSE,FALSE,al-faisaliyyah-hafar-al-batin,FALSE,FALSE,-,-,,,,,,,,,,,,,,,,,,,,,,,,,,,,,,,,,,,,,,,,,,
68,1,0,Al Falah - Riyadh,,Riyadh,,8001000014,8001000014,-,"Al Falah - Riyadh,Riyadh",46.697481,24.799626,1,,Al Falah - Riyadh,u003cdivu003eSaturday : 08:00 - 23:59  Sunday : 08:00 - 23:59  Monday : 08:00 - 23:59  Tuesday : 08:00 - 23:59  Wednesday : 08:00 - 23:59  Thursday : 08:00 - 23:59  Friday : 15:00 - 23:59 u003c/divu003e,,0,277,08:00:00,23:59:00,FALSE,FALSE,0,278,08:00:00,23:59:00,FALSE,FALSE,0,279,08:00:00,23:59:00,FALSE,FALSE,0,280,08:00:00,23:59:00,FALSE,FALSE,0,281,08:00:00,23:59:00,FALSE,FALSE,0,282,08:00:00,23:59:00,FALSE,FALSE,0,283,15:00:00,23:59:00,FALSE,FALSE,al-falah-riyadh,FALSE,FALSE,-,-,,,,,,,,,,,,,,,,,,,,,,,,,,,,,,,,,,,,,,,,,,
1072,78,0,Al Hamadaniyyah,,Jeddah,,8001000014,8001000014,-,"Al Hamadaniyyah,Jeddah",39.187906,21.751198,1,,Al Hamadaniyyah,u003cdivu003eSaturday : 08:00 - 23:59  Sunday : 08:00 - 23:59  Monday : 08:00 - 23:59  Tuesday : 08:00 - 23:59  Wednesday : 08:00 - 23:59  Thursday : 08:00 - 23:59  Friday : 15:00 - 23:59 u003c/divu003e,,0,277,08:00:00,23:59:00,FALSE,FALSE,0,278,08:00:00,23:59:00,FALSE,FALSE,0,279,08:00:00,23:59:00,FALSE,FALSE,0,280,08:00:00,23:59:00,FALSE,FALSE,0,281,08:00:00,23:59:00,FALSE,FALSE,0,282,08:00:00,23:59:00,FALSE,FALSE,0,283,15:00:00,23:59:00,FALSE,FALSE,al-hamadaniyyah,FALSE,FALSE,-,-,,,,,,,,,,,,,,,,,,,,,,,,,,,,,,,,,,,,,,,,,,
189,19,0,Al Hofuf - Ahsa,,Hasa,,8001000014,8001000014,-,"Al Hofuf - Ahsa,Hasa",49.580354,25.392881,1,,Al Hofuf - Ahsa,u003cdivu003eSaturday : 08:00 - 23:59  Sunday : 08:00 - 23:59  Monday : 08:00 - 23:59  Tuesday : 08:00 - 23:59  Wednesday : 08:00 - 23:59  Thursday : 08:00 - 23:59  Friday : 15:00 - 23:59 u003c/divu003e,,0,277,08:00:00,23:59:00,FALSE,FALSE,0,278,08:00:00,23:59:00,FALSE,FALSE,0,279,08:00:00,23:59:00,FALSE,FALSE,0,280,08:00:00,23:59:00,FALSE,FALSE,0,281,08:00:00,23:59:00,FALSE,FALSE,0,282,08:00:00,23:59:00,FALSE,FALSE,0,283,15:00:00,23:59:00,FALSE,FALSE,al-hofuf-ahsa,FALSE,FALSE,-,-,,,,,,,,,,,,,,,,,,,,,,,,,,,,,,,,,,,,,,,,,,
120,93,0,Al Jazeera- Buraydah,,Qassim,,8001000014,8001000014,-,"Al Jazeera- Buraydah,Qassim",43.90027,26.404447,1,,Al Jazeera- Buraydah,u003cdivu003eSaturday : 08:00 - 23:59  Sunday : 08:00 - 23:59  Monday : 08:00 - 23:59  Tuesday : 08:00 - 23:59  Wednesday : 08:00 - 23:59  Thursday : 08:00 - 23:59  Friday : 15:00 - 23:59 u003c/divu003e,,0,277,08:00:00,23:59:00,FALSE,FALSE,0,278,08:00:00,23:59:00,FALSE,FALSE,0,279,08:00:00,23:59:00,FALSE,FALSE,0,280,08:00:00,23:59:00,FALSE,FALSE,0,281,08:00:00,23:59:00,FALSE,FALSE,0,282,08:00:00,23:59:00,FALSE,FALSE,0,283,15:00:00,23:59:00,FALSE,FALSE,al-jazeera-buraydah,FALSE,FALSE,-,-,,,,,,,,,,,,,,,,,,,,,,,,,,,,,,,,,,,,,,,,,,
225,43,0,Al Jouf Airport - Sakaka,,Aljof,,8001000014,8001000014,-,"Al Jouf Airport - Sakaka,Aljof",40.101642,29.788526,1,,Al Jouf Airport - Sakaka,u003cdivu003eSaturday : 06:00 - 23:59  Sunday : 06:00 - 23:59  Monday : 06:00 - 23:59  Tuesday : 06:00 - 23:59  Wednesday : 06:00 - 23:59  Thursday : 06:00 - 23:59  Friday : 06:00 - 23:59 u003c/divu003e,,0,277,06:00:00,23:59:00,FALSE,FALSE,0,278,06:00:00,23:59:00,FALSE,FALSE,0,279,06:00:00,23:59:00,FALSE,FALSE,0,280,06:00:00,23:59:00,FALSE,FALSE,0,281,06:00:00,23:59:00,FALSE,FALSE,0,282,06:00:00,23:59:00,FALSE,FALSE,0,283,06:00:00,23:59:00,FALSE,FALSE,al-jouf-airport-sakaka,FALSE,FALSE,-,-,,,,,,,,,,,,,,,,,,,,,,,,,,,,,,,,,,,,,,,,,,
34,83,0,Al Khaldiyah - Al Madina,,Al Madena,,8001000014,8001000014,-,"Al Khaldiyah - Al Madina,Al Madena",39.654932,24.471085,1,,Al Khaldiyah - Al Madina,u003cdivu003eSaturday: 24 hours Sunday: 24 hours Monday: 24 hours Tuesday: 24 hours Wednesday: 24 hours Thursday: 24 hours Friday : 00:00 - 09:00  Friday : 13:00 - 23:59 u003c/divu003e,,0,277,,,TRUE,FALSE,0,278,,,TRUE,FALSE,0,279,,,TRUE,FALSE,0,280,,,TRUE,FALSE,0,281,,,TRUE,FALSE,0,282,,,TRUE,FALSE,0,283,00:00:00,09:00:00,FALSE,FALSE,al-khaldiyah-al-madina,FALSE,FALSE,-,-,0,283,13:00:00,23:59:00,FALSE,FALSE,,,,,,,,,,,,,,,,,,,,,,,,,,,,,,,,,,,,
27,29,0,Al Khaldiyah - Khamis Mushait,,Khamis Mushayt,,8001000014,8001000014,-,"Al Khaldiyah - Khamis Mushait,Khamis Mushayt",42.718549,18.298268,1,,Al Khaldiyah - Khamis Mushait,u003cdivu003eSaturday : 08:00 - 23:59  Sunday : 08:00 - 23:59  Monday : 08:00 - 23:59  Tuesday : 08:00 - 23:59  Wednesday : 08:00 - 23:59  Thursday : 08:00 - 23:59  Friday : 15:00 - 23:59 u003c/divu003e,,0,277,08:00:00,23:59:00,FALSE,FALSE,0,278,08:00:00,23:59:00,FALSE,FALSE,0,279,08:00:00,23:59:00,FALSE,FALSE,0,280,08:00:00,23:59:00,FALSE,FALSE,0,281,08:00:00,23:59:00,FALSE,FALSE,0,282,08:00:00,23:59:00,FALSE,FALSE,0,283,15:00:00,23:59:00,FALSE,FALSE,al-khaldiyah-khamis-mushait,FALSE,FALSE,-,-,,,,,,,,,,,,,,,,,,,,,,,,,,,,,,,,,,,,,,,,,,
201,77,0,Al Khuzama - Al Khobar,,Khobar,,8001000014,8001000014,-,"Al Khuzama - Al Khobar,Khobar",50.183273,26.215457,1,,Al Khuzama - Al Khobar,u003cdivu003eSaturday: 24 hours Sunday: 24 hours Monday: 24 hours Tuesday: 24 hours Wednesday: 24 hours Thursday: 24 hours Friday : 00:00 - 09:00  Friday : 13:00 - 23:59 u003c/divu003e,,0,277,,,TRUE,FALSE,0,278,,,TRUE,FALSE,0,279,,,TRUE,FALSE,0,280,,,TRUE,FALSE,0,281,,,TRUE,FALSE,0,282,,,TRUE,FALSE,0,283,00:00:00,09:00:00,FALSE,FALSE,al-khuzama-al-khobar,FALSE,FALSE,-,-,0,283,13:00:00,23:59:00,FALSE,FALSE,,,,,,,,,,,,,,,,,,,,,,,,,,,,,,,,,,,,
136,1,0,Al Malaz - Riyadh,,Riyadh,,8001000014,8001000014,-,"Al Malaz - Riyadh,Riyadh",46.735006,24.660823,1,,Al Malaz - Riyadh,u003cdivu003eSaturday : 12:00 - 23:59  Sunday : 12:00 - 23:59  Monday : 12:00 - 23:59  Tuesday : 12:00 - 23:59  Wednesday : 12:00 - 23:59  Thursday : 12:00 - 23:59 u003c/divu003e,,0,277,12:00:00,23:59:00,FALSE,FALSE,0,278,12:00:00,23:59:00,FALSE,FALSE,0,279,12:00:00,23:59:00,FALSE,FALSE,0,280,12:00:00,23:59:00,FALSE,FALSE,0,281,12:00:00,23:59:00,FALSE,FALSE,0,282,12:00:00,23:59:00,FALSE,FALSE,,,,,,,al-malaz-riyadh,FALSE,FALSE,-,-,,,,,,,,,,,,,,,,,,,,,,,,,,,,,,,,,,,,,,,,,,
22,1,0,Al Mansourah - Riyadh,,Riyadh,,8001000014,8001000014,-,"Al Mansourah - Riyadh,Riyadh",46.758886,24.607032,1,,Al Mansourah - Riyadh,u003cdivu003eSaturday : 12:00 - 23:59  Sunday : 12:00 - 23:59  Monday : 12:00 - 23:59  Tuesday : 12:00 - 23:59  Wednesday : 12:00 - 23:59  Thursday : 12:00 - 23:59 u003c/divu003e,,0,277,12:00:00,23:59:00,FALSE,FALSE,0,278,12:00:00,23:59:00,FALSE,FALSE,0,279,12:00:00,23:59:00,FALSE,FALSE,0,280,12:00:00,23:59:00,FALSE,FALSE,0,281,12:00:00,23:59:00,FALSE,FALSE,0,282,12:00:00,23:59:00,FALSE,FALSE,,,,,,,al-mansourah-riyadh,FALSE,FALSE,-,-,,,,,,,,,,,,,,,,,,,,,,,,,,,,,,,,,,,,,,,,,,
4,1,0,Al Marwah - Riyadh,,Riyadh,,8001000014,8001000014,-,"Al Marwah - Riyadh,Riyadh",46.665576,24.544728,1,,Al Marwah - Riyadh,u003cdivu003eSaturday : 08:00 - 23:59  Sunday : 08:00 - 23:59  Monday : 08:00 - 23:59  Tuesday : 08:00 - 23:59  Wednesday : 08:00 - 23:59  Thursday : 08:00 - 23:59  Friday : 15:00 - 23:59 u003c/divu003e,,0,277,08:00:00,23:59:00,FALSE,FALSE,0,278,08:00:00,23:59:00,FALSE,FALSE,0,279,08:00:00,23:59:00,FALSE,FALSE,0,280,08:00:00,23:59:00,FALSE,FALSE,0,281,08:00:00,23:59:00,FALSE,FALSE,0,282,08:00:00,23:59:00,FALSE,FALSE,0,283,15:00:00,23:59:00,FALSE,FALSE,al-marwah-riyadh,FALSE,FALSE,-,-,,,,,,,,,,,,,,,,,,,,,,,,,,,,,,,,,,,,,,,,,,
107,80,0,Al Nahdah - Baish,,Jizan,,8001000014,8001000014,-,"Al Nahdah - Baish,Jizan",42.543214,17.387423,1,,Al Nahdah - Baish,u003cdivu003eSaturday : 08:00 - 23:59  Sunday : 08:00 - 23:59  Monday : 08:00 - 23:59  Tuesday : 08:00 - 23:59  Wednesday : 08:00 - 23:59  Thursday : 08:00 - 23:59  Friday : 15:00 - 23:59 u003c/divu003e,,0,277,08:00:00,23:59:00,FALSE,FALSE,0,278,08:00:00,23:59:00,FALSE,FALSE,0,279,08:00:00,23:59:00,FALSE,FALSE,0,280,08:00:00,23:59:00,FALSE,FALSE,0,281,08:00:00,23:59:00,FALSE,FALSE,0,282,08:00:00,23:59:00,FALSE,FALSE,0,283,15:00:00,23:59:00,FALSE,FALSE,al-nahdah-baish,FALSE,FALSE,-,-,,,,,,,,,,,,,,,,,,,,,,,,,,,,,,,,,,,,,,,,,,
14,78,0,Al Nahdah - Jeddah,,Jeddah,,8001000014,8001000014,-,"Al Nahdah - Jeddah,Jeddah",39.136687,21.609549,1,,Al Nahdah - Jeddah,u003cdivu003eSaturday : 08:00 - 23:59  Sunday : 08:00 - 23:59  Monday : 08:00 - 23:59  Tuesday : 08:00 - 23:59  Wednesday : 08:00 - 23:59  Thursday : 08:00 - 23:59  Friday : 15:00 - 23:59 u003c/divu003e,,0,277,08:00:00,23:59:00,FALSE,FALSE,0,278,08:00:00,23:59:00,FALSE,FALSE,0,279,08:00:00,23:59:00,FALSE,FALSE,0,280,08:00:00,23:59:00,FALSE,FALSE,0,281,08:00:00,23:59:00,FALSE,FALSE,0,282,08:00:00,23:59:00,FALSE,FALSE,0,283,15:00:00,23:59:00,FALSE,FALSE,al-nahdah-jeddah,FALSE,FALSE,-,-,,,,,,,,,,,,,,,,,,,,,,,,,,,,,,,,,,,,,,,,,,
209,28,0,Al Namas - An Nimas,,Abha,,8001000014,8001000014,-,"Al Namas - An Nimas,Abha",42.131622,19.119334,1,,Al Namas - An Nimas,u003cdivu003eSaturday : 08:00 - 23:59  Sunday : 08:00 - 23:59  Monday : 08:00 - 23:59  Tuesday : 08:00 - 23:59  Wednesday : 08:00 - 23:59  Thursday : 08:00 - 23:59  Friday : 15:00 - 23:59 u003c/divu003e,,0,277,08:00:00,23:59:00,FALSE,FALSE,0,278,08:00:00,23:59:00,FALSE,FALSE,0,279,08:00:00,23:59:00,FALSE,FALSE,0,280,08:00:00,23:59:00,FALSE,FALSE,0,281,08:00:00,23:59:00,FALSE,FALSE,0,282,08:00:00,23:59:00,FALSE,FALSE,0,283,15:00:00,23:59:00,FALSE,FALSE,al-namas-an-nimas,FALSE,FALSE,-,-,,,,,,,,,,,,,,,,,,,,,,,,,,,,,,,,,,,,,,,,,,
183,78,0,Al Nuzhah - Jeddah,,Jeddah,,8001000014,8001000014,-,"Al Nuzhah - Jeddah,Jeddah",39.173879,21.627292,1,,Al Nuzhah - Jeddah,u003cdivu003eSaturday : 08:00 - 23:59  Sunday : 08:00 - 23:59  Monday : 08:00 - 23:59  Tuesday : 08:00 - 23:59  Wednesday : 08:00 - 23:59  Thursday : 08:00 - 23:59  Friday : 15:00 - 23:59 u003c/divu003e,,0,277,08:00:00,23:59:00,FALSE,FALSE,0,278,08:00:00,23:59:00,FALSE,FALSE,0,279,08:00:00,23:59:00,FALSE,FALSE,0,280,08:00:00,23:59:00,FALSE,FALSE,0,281,08:00:00,23:59:00,FALSE,FALSE,0,282,08:00:00,23:59:00,FALSE,FALSE,0,283,15:00:00,23:59:00,FALSE,FALSE,al-nuzhah-jeddah,FALSE,FALSE,-,-,,,,,,,,,,,,,,,,,,,,,,,,,,,,,,,,,,,,,,,,,,
199,28,0,Al Nuzhah - Muhayal,,Abha,,8001000014,8001000014,-,"Al Nuzhah - Muhayal,Abha",42.062188,18.542484,1,,Al Nuzhah - Muhayal,u003cdivu003eSaturday : 08:00 - 23:59  Sunday : 08:00 - 23:59  Monday : 08:00 - 23:59  Tuesday : 08:00 - 23:59  Wednesday : 08:00 - 23:59  Thursday : 08:00 - 23:59  Friday : 15:00 - 23:59 u003c/divu003e,,0,277,08:00:00,23:59:00,FALSE,FALSE,0,278,08:00:00,23:59:00,FALSE,FALSE,0,279,08:00:00,23:59:00,FALSE,FALSE,0,280,08:00:00,23:59:00,FALSE,FALSE,0,281,08:00:00,23:59:00,FALSE,FALSE,0,282,08:00:00,23:59:00,FALSE,FALSE,0,283,15:00:00,23:59:00,FALSE,FALSE,al-nuzhah-muhayal,FALSE,FALSE,-,-,,,,,,,,,,,,,,,,,,,,,,,,,,,,,,,,,,,,,,,,,,
90,85,0,Al Qaim - At Taif,,Taif,,8001000014,8001000014,-,"Al Qaim - At Taif,Taif",40.434852,21.325705,1,,Al Qaim - At Taif,u003cdivu003eSaturday : 08:00 - 23:59  Sunday : 08:00 - 23:59  Monday : 08:00 - 23:59  Tuesday : 08:00 - 23:59  Wednesday : 08:00 - 23:59  Thursday : 08:00 - 23:59  Friday : 15:00 - 23:59 u003c/divu003e,,0,277,08:00:00,23:59:00,FALSE,FALSE,0,278,08:00:00,23:59:00,FALSE,FALSE,0,279,08:00:00,23:59:00,FALSE,FALSE,0,280,08:00:00,23:59:00,FALSE,FALSE,0,281,08:00:00,23:59:00,FALSE,FALSE,0,282,08:00:00,23:59:00,FALSE,FALSE,0,283,15:00:00,23:59:00,FALSE,FALSE,al-qaim-at-taif,FALSE,FALSE,-,-,,,,,,,,,,,,,,,,,,,,,,,,,,,,,,,,,,,,,,,,,,
123,17,0,Al Qaisumah Airport - Hafar Al Batin,,Hafr Batin,,8001000014,8001000014,-,"Al Qaisumah Airport - Hafar Al Batin,Hafr Batin",46.121389,28.334639,1,,Al Qaisumah Airport - Hafar Al Batin,u003cdivu003eSaturday : 06:00 - 12:00  Saturday : 20:00 - 22:00  Sunday : 06:00 - 12:00  Sunday : 20:00 - 22:00  Monday : 06:00 - 12:00  Monday : 20:00 - 22:00  Tuesday : 06:00 - 12:00  Tuesday : 20:00 - 22:00  Wednesday : 06:00 - 12:00  Wednesday : 20:00 - 22:00  Thursday : 06:00 - 12:00  Thursday : 20:00 - 22:00  Friday : 06:00 - 12:00  Friday : 20:00 - 22:00 u003c/divu003e,,0,277,06:00:00,12:00:00,FALSE,FALSE,0,277,20:00:00,22:00:00,FALSE,FALSE,0,278,06:00:00,12:00:00,FALSE,FALSE,0,278,20:00:00,22:00:00,FALSE,FALSE,0,279,06:00:00,12:00:00,FALSE,FALSE,0,279,20:00:00,22:00:00,FALSE,FALSE,0,280,06:00:00,12:00:00,FALSE,FALSE,al-qaisumah-airport-hafar-al-batin,FALSE,FALSE,-,-,0,280,20:00:00,22:00:00,FALSE,FALSE,0,281,06:00:00,12:00:00,FALSE,FALSE,0,281,20:00:00,22:00:00,FALSE,FALSE,0,282,06:00:00,12:00:00,FALSE,FALSE,0,282,20:00:00,22:00:00,FALSE,FALSE,0,283,06:00:00,12:00:00,FALSE,FALSE,0,283,20:00:00,22:00:00,FALSE,FALSE
2,1,0,Al Quds - Riyadh,,Riyadh,,8001000014,8001000014,-,"Al Quds - Riyadh,Riyadh",46.74453,24.749733,1,,Al Quds - Riyadh,u003cdivu003eSaturday: 24 hours Sunday: 24 hours Monday: 24 hours Tuesday: 24 hours Wednesday: 24 hours Thursday: 24 hours Friday : 00:00 - 09:00  Friday : 13:00 - 23:59 u003c/divu003e,,0,277,,,TRUE,FALSE,0,278,,,TRUE,FALSE,0,279,,,TRUE,FALSE,0,280,,,TRUE,FALSE,0,281,,,TRUE,FALSE,0,282,,,TRUE,FALSE,0,283,00:00:00,09:00:00,FALSE,FALSE,al-quds-riyadh,FALSE,FALSE,-,-,0,283,13:00:00,23:59:00,FALSE,FALSE,,,,,,,,,,,,,,,,,,,,,,,,,,,,,,,,,,,,
61,1,0,Al Raed - Riyadh,,Riyadh,,8001000014,8001000014,-,"Al Raed - Riyadh,Riyadh",46.645869,24.701345,1,,Al Raed - Riyadh,u003cdivu003eSaturday : 08:00 - 23:59  Sunday : 08:00 - 23:59  Monday : 08:00 - 23:59  Tuesday : 08:00 - 23:59  Wednesday : 08:00 - 23:59  Thursday : 08:00 - 23:59  Friday : 15:00 - 23:59 u003c/divu003e,,0,277,08:00:00,23:59:00,FALSE,FALSE,0,278,08:00:00,23:59:00,FALSE,FALSE,0,279,08:00:00,23:59:00,FALSE,FALSE,0,280,08:00:00,23:59:00,FALSE,FALSE,0,281,08:00:00,23:59:00,FALSE,FALSE,0,282,08:00:00,23:59:00,FALSE,FALSE,0,283,15:00:00,23:59:00,FALSE,FALSE,al-raed-riyadh,FALSE,FALSE,-,-,,,,,,,,,,,,,,,,,,,,,,,,,,,,,,,,,,,,,,,,,,
193,28,0,Al Rasras - Khamis Mushait,,Abha,,8001000014,8001000014,-,"Al Rasras - Khamis Mushait,Abha",42.784426,18.237621,1,,Al Rasras - Khamis Mushait,u003cdivu003eSaturday : 08:00 - 23:59  Sunday : 08:00 - 23:59  Monday : 08:00 - 23:59  Tuesday : 08:00 - 23:59  Wednesday : 08:00 - 23:59  Thursday : 08:00 - 23:59  Friday : 15:00 - 23:59 u003c/divu003e,,0,277,08:00:00,23:59:00,FALSE,FALSE,0,278,08:00:00,23:59:00,FALSE,FALSE,0,279,08:00:00,23:59:00,FALSE,FALSE,0,280,08:00:00,23:59:00,FALSE,FALSE,0,281,08:00:00,23:59:00,FALSE,FALSE,0,282,08:00:00,23:59:00,FALSE,FALSE,0,283,15:00:00,23:59:00,FALSE,FALSE,al-rasras-khamis-mushait,FALSE,FALSE,-,-,,,,,,,,,,,,,,,,,,,,,,,,,,,,,,,,,,,,,,,,,,
213,78,0,Al Safa Jeddah,,Jeddah,,8001000014,8001000014,-,"Al Safa Jeddah,Jeddah",39.217663,21.565548,1,,Al Safa Jeddah,u003cdivu003eSaturday : 12:00 - 23:59  Sunday : 12:00 - 23:59  Monday : 12:00 - 23:59  Tuesday : 12:00 - 23:59  Wednesday : 12:00 - 23:59  Thursday : 12:00 - 23:59 u003c/divu003e,,0,277,12:00:00,23:59:00,FALSE,FALSE,0,278,12:00:00,23:59:00,FALSE,FALSE,0,279,12:00:00,23:59:00,FALSE,FALSE,0,280,12:00:00,23:59:00,FALSE,FALSE,0,281,12:00:00,23:59:00,FALSE,FALSE,0,282,12:00:00,23:59:00,FALSE,FALSE,,,,,,,al-safa-jeddah,FALSE,FALSE,-,-,,,,,,,,,,,,,,,,,,,,,,,,,,,,,,,,,,,,,,,,,,
198,94,0,Al Sharqiyyah - Al Qunfudhah,,albaha,,8001000014,8001000014,-,"Al Sharqiyyah - Al Qunfudhah,albaha",41.08227,19.132734,1,,Al Sharqiyyah - Al Qunfudhah,u003cdivu003eSaturday : 08:00 - 23:59  Sunday : 08:00 - 23:59  Monday : 08:00 - 23:59  Tuesday : 08:00 - 23:59  Wednesday : 08:00 - 23:59  Thursday : 08:00 - 23:59  Friday : 15:00 - 23:59 u003c/divu003e,,0,277,08:00:00,23:59:00,FALSE,FALSE,0,278,08:00:00,23:59:00,FALSE,FALSE,0,279,08:00:00,23:59:00,FALSE,FALSE,0,280,08:00:00,23:59:00,FALSE,FALSE,0,281,08:00:00,23:59:00,FALSE,FALSE,0,282,08:00:00,23:59:00,FALSE,FALSE,0,283,15:00:00,23:59:00,FALSE,FALSE,al-sharqiyyah-al-qunfudhah,FALSE,FALSE,-,-,,,,,,,,,,,,,,,,,,,,,,,,,,,,,,,,,,,,,,,,,,
210,21,0,Al Shoqiyah - Makkah,,Makkah,,8001000014,8001000014,-,"Al Shoqiyah - Makkah,Makkah",39.765027,21.380222,1,,Al Shoqiyah - Makkah,u003cdivu003eSaturday: 24 hours Sunday: 24 hours Monday: 24 hours Tuesday: 24 hours Wednesday: 24 hours Thursday: 24 hours Friday : 00:00 - 09:00  Friday : 13:00 - 23:59 u003c/divu003e,,0,277,,,TRUE,FALSE,0,278,,,TRUE,FALSE,0,279,,,TRUE,FALSE,0,280,,,TRUE,FALSE,0,281,,,TRUE,FALSE,0,282,,,TRUE,FALSE,0,283,00:00:00,09:00:00,FALSE,FALSE,al-shoqiyah-makkah,FALSE,FALSE,-,-,0,283,13:00:00,23:59:00,FALSE,FALSE,,,,,,,,,,,,,,,,,,,,,,,,,,,,,,,,,,,,
182,78,0,Al Tawfiq - Jeddah,,Jeddah,,8001000014,8001000014,-,"Al Tawfiq - Jeddah,Jeddah",39.241336,21.573719,1,,Al Tawfiq - Jeddah,u003cdivu003eSaturday : 08:00 - 23:59  Sunday : 08:00 - 23:59  Monday : 08:00 - 23:59  Tuesday : 08:00 - 23:59  Wednesday : 08:00 - 23:59  Thursday : 08:00 - 23:59  Friday : 15:00 - 23:59 u003c/divu003e,,0,277,08:00:00,23:59:00,FALSE,FALSE,0,278,08:00:00,23:59:00,FALSE,FALSE,0,279,08:00:00,23:59:00,FALSE,FALSE,0,280,08:00:00,23:59:00,FALSE,FALSE,0,281,08:00:00,23:59:00,FALSE,FALSE,0,282,08:00:00,23:59:00,FALSE,FALSE,0,283,15:00:00,23:59:00,FALSE,FALSE,al-tawfiq-jeddah,FALSE,FALSE,-,-,,,,,,,,,,,,,,,,,,,,,,,,,,,,,,,,,,,,,,,,,,
11,77,0,Al- Thuqbah - Al Khobar,,Khobar,,8001000014,8001000014,-,"Al- Thuqbah - Al Khobar,Khobar",50.194969,26.284078,1,,Al- Thuqbah - Al Khobar,u003cdivu003eSaturday : 08:00 - 23:59  Sunday : 08:00 - 23:59  Monday : 08:00 - 23:59  Tuesday : 08:00 - 23:59  Wednesday : 08:00 - 23:59  Thursday : 08:00 - 23:59  Friday : 15:00 - 23:59 u003c/divu003e,,0,277,08:00:00,23:59:00,FALSE,FALSE,0,278,08:00:00,23:59:00,FALSE,FALSE,0,279,08:00:00,23:59:00,FALSE,FALSE,0,280,08:00:00,23:59:00,FALSE,FALSE,0,281,08:00:00,23:59:00,FALSE,FALSE,0,282,08:00:00,23:59:00,FALSE,FALSE,0,283,15:00:00,23:59:00,FALSE,FALSE,al-thuqbah-al-khobar,FALSE,FALSE,-,-,,,,,,,,,,,,,,,,,,,,,,,,,,,,,,,,,,,,,,,,,,
211,1,0,Al Yarmuk - Riyadh,,Riyadh,,8001000014,8001000014,-,"Al Yarmuk - Riyadh,Riyadh",46.76277,24.80927,1,,Al Yarmuk - Riyadh,u003cdivu003eSaturday: 24 hours Sunday: 24 hours Monday: 24 hours Tuesday: 24 hours Wednesday: 24 hours Thursday: 24 hours Friday : 00:00 - 09:00  Friday : 13:00 - 23:59 u003c/divu003e,,0,277,,,TRUE,FALSE,0,278,,,TRUE,FALSE,0,279,,,TRUE,FALSE,0,280,,,TRUE,FALSE,0,281,,,TRUE,FALSE,0,282,,,TRUE,FALSE,0,283,00:00:00,09:00:00,FALSE,FALSE,al-yarmuk-riyadh,FALSE,FALSE,-,-,0,283,13:00:00,23:59:00,FALSE,FALSE,,,,,,,,,,,,,,,,,,,,,,,,,,,,,,,,,,,,
67,1,0,Al Yasmin - Riyadh,,Riyadh,,8001000014,8001000014,-,"Al Yasmin - Riyadh,Riyadh",46.641964,24.821637,1,,Al Yasmin - Riyadh,u003cdivu003eSaturday: 24 hours Sunday: 24 hours Monday: 24 hours Tuesday: 24 hours Wednesday: 24 hours Thursday: 24 hours Friday : 00:00 - 09:00  Friday : 13:00 - 23:59 u003c/divu003e,,0,277,,,TRUE,FALSE,0,278,,,TRUE,FALSE,0,279,,,TRUE,FALSE,0,280,,,TRUE,FALSE,0,281,,,TRUE,FALSE,0,282,,,TRUE,FALSE,0,283,00:00:00,09:00:00,FALSE,FALSE,al-yasmin-riyadh,FALSE,FALSE,-,-,0,283,13:00:00,23:59:00,FALSE,FALSE,,,,,,,,,,,,,,,,,,,,,,,,,,,,,,,,,,,,
224,19,0,Al-Ahsa Airport,,Hasa,,8001000014,8001000014,-,"Al-Ahsa Airport,Hasa",49.487225,25.294851,1,,Al-Ahsa Airport,u003cdivu003eSaturday : 10:00 - 13:00  Sunday : 10:00 - 13:00  Wednesday : 10:00 - 13:00  Monday : 13:30 - 15:30  Thursday : 10:00 - 15:30 u003c/divu003e,,0,277,10:00:00,13:00:00,FALSE,FALSE,0,278,10:00:00,13:00:00,FALSE,FALSE,0,281,10:00:00,13:00:00,FALSE,FALSE,0,279,13:30:00,15:30:00,FALSE,FALSE,0,282,10:00:00,15:30:00,FALSE,FALSE,,,,,,,,,,,,,al-ahsa-airport,FALSE,FALSE,-,-,,,,,,,,,,,,,,,,,,,,,,,,,,,,,,,,,,,,,,,,,,
64,80,0,Aldhabyah - Sabya,,Jizan,,8001000014,8001000014,-,"Aldhabyah - Sabya,Jizan",42.654972,17.105576,1,,Aldhabyah - Sabya,u003cdivu003eSaturday : 08:00 - 23:59  Sunday : 08:00 - 23:59  Monday : 08:00 - 23:59  Tuesday : 08:00 - 23:59  Wednesday : 08:00 - 23:59  Thursday : 08:00 - 23:59  Friday : 15:00 - 23:59 u003c/divu003e,,0,277,08:00:00,23:59:00,FALSE,FALSE,0,278,08:00:00,23:59:00,FALSE,FALSE,0,279,08:00:00,23:59:00,FALSE,FALSE,0,280,08:00:00,23:59:00,FALSE,FALSE,0,281,08:00:00,23:59:00,FALSE,FALSE,0,282,08:00:00,23:59:00,FALSE,FALSE,0,283,15:00:00,23:59:00,FALSE,FALSE,aldhabyah-sabya,FALSE,FALSE,-,-,,,,,,,,,,,,,,,,,,,,,,,,,,,,,,,,,,,,,,,,,,
91,94,0,Aldhafir - Albahah,,albaha,,8001000014,8001000014,-,"Aldhafir - Albahah,albaha",41.47171,20.010589,1,,Aldhafir - Albahah,u003cdivu003eSaturday : 08:00 - 23:59  Sunday : 08:00 - 23:59  Monday : 08:00 - 23:59  Tuesday : 08:00 - 23:59  Wednesday : 08:00 - 23:59  Thursday : 08:00 - 23:59  Friday : 15:00 - 23:59 u003c/divu003e,,0,277,08:00:00,23:59:00,FALSE,FALSE,0,278,08:00:00,23:59:00,FALSE,FALSE,0,279,08:00:00,23:59:00,FALSE,FALSE,0,280,08:00:00,23:59:00,FALSE,FALSE,0,281,08:00:00,23:59:00,FALSE,FALSE,0,282,08:00:00,23:59:00,FALSE,FALSE,0,283,15:00:00,23:59:00,FALSE,FALSE,aldhafir-albahah,FALSE,FALSE,-,-,,,,,,,,,,,,,,,,,,,,,,,,,,,,,,,,,,,,,,,,,,
108,152,0,Alghuwayla - Najran,,NAGRAN,,8001000014,8001000014,-,"Alghuwayla - Najran,NAGRAN",44.333981,17.573087,1,,Alghuwayla - Najran,u003cdivu003eSaturday : 08:00 - 23:59  Sunday : 08:00 - 23:59  Monday : 08:00 - 23:59  Tuesday : 08:00 - 23:59  Wednesday : 08:00 - 23:59  Thursday : 08:00 - 23:59  Friday : 15:00 - 23:59 u003c/divu003e,,0,277,08:00:00,23:59:00,FALSE,FALSE,0,278,08:00:00,23:59:00,FALSE,FALSE,0,279,08:00:00,23:59:00,FALSE,FALSE,0,280,08:00:00,23:59:00,FALSE,FALSE,0,281,08:00:00,23:59:00,FALSE,FALSE,0,282,08:00:00,23:59:00,FALSE,FALSE,0,283,15:00:00,23:59:00,FALSE,FALSE,alghuwayla-najran,FALSE,FALSE,-,-,,,,,,,,,,,,,,,,,,,,,,,,,,,,,,,,,,,,,,,,,,
194,2,0,Almunifyah - Al-Kharj,,Kharj,,8001000014,8001000014,-,"Almunifyah - Al-Kharj,Kharj",47.288177,24.176998,1,,Almunifyah - Al-Kharj,u003cdivu003eSaturday : 08:00 - 23:59  Sunday : 08:00 - 23:59  Monday : 08:00 - 23:59  Tuesday : 08:00 - 23:59  Wednesday : 08:00 - 23:59  Thursday : 08:00 - 23:59  Friday : 15:00 - 23:59 u003c/divu003e,,0,277,08:00:00,23:59:00,FALSE,FALSE,0,278,08:00:00,23:59:00,FALSE,FALSE,0,279,08:00:00,23:59:00,FALSE,FALSE,0,280,08:00:00,23:59:00,FALSE,FALSE,0,281,08:00:00,23:59:00,FALSE,FALSE,0,282,08:00:00,23:59:00,FALSE,FALSE,0,283,15:00:00,23:59:00,FALSE,FALSE,almunifyah-al-kharj,FALSE,FALSE,-,-,,,,,,,,,,,,,,,,,,,,,,,,,,,,,,,,,,,,,,,,,,
66,41,0,Alulaya - Tabuk,,Tabuk,,8001000014,8001000014,-,"Alulaya - Tabuk,Tabuk",36.5882,28.390417,1,,Alulaya - Tabuk,u003cdivu003eSaturday : 08:00 - 23:59  Sunday : 08:00 - 23:59  Monday : 08:00 - 23:59  Tuesday : 08:00 - 23:59  Wednesday : 08:00 - 23:59  Thursday : 08:00 - 23:59  Friday : 15:00 - 23:59 u003c/divu003e,,0,277,08:00:00,23:59:00,FALSE,FALSE,0,278,08:00:00,23:59:00,FALSE,FALSE,0,279,08:00:00,23:59:00,FALSE,FALSE,0,280,08:00:00,23:59:00,FALSE,FALSE,0,281,08:00:00,23:59:00,FALSE,FALSE,0,282,08:00:00,23:59:00,FALSE,FALSE,0,283,15:00:00,23:59:00,FALSE,FALSE,alulaya-tabuk,FALSE,FALSE,-,-,,,,,,,,,,,,,,,,,,,,,,,,,,,,,,,,,,,,,,,,,,
188,40,0,Alwusayta - Hail,,Hail,,8001000014,8001000014,-,"Alwusayta - Hail,Hail",41.669933,27.504439,1,,Alwusayta - Hail,u003cdivu003eSaturday : 08:00 - 23:59  Sunday : 08:00 - 23:59  Monday : 08:00 - 23:59  Tuesday : 08:00 - 23:59  Wednesday : 08:00 - 23:59  Thursday : 08:00 - 23:59  Friday : 15:00 - 23:59 u003c/divu003e,,0,277,08:00:00,23:59:00,FALSE,FALSE,0,278,08:00:00,23:59:00,FALSE,FALSE,0,279,08:00:00,23:59:00,FALSE,FALSE,0,280,08:00:00,23:59:00,FALSE,FALSE,0,281,08:00:00,23:59:00,FALSE,FALSE,0,282,08:00:00,23:59:00,FALSE,FALSE,0,283,15:00:00,23:59:00,FALSE,FALSE,alwusayta-hail,FALSE,FALSE,-,-,,,,,,,,,,,,,,,,,,,,,,,,,,,,,,,,,,,,,,,,,,
20,1,0,An Namudhajiyah - Riyadh,,Riyadh,,8001000014,8001000014,-,"An Namudhajiyah - Riyadh,Riyadh",46.700506,24.65978,1,,An Namudhajiyah - Riyadh,u003cdivu003eSaturday : 08:00 - 23:59  Sunday : 08:00 - 23:59  Monday : 08:00 - 23:59  Tuesday : 08:00 - 23:59  Wednesday : 08:00 - 23:59  Thursday : 08:00 - 23:59  Friday : 15:00 - 23:59 u003c/divu003e,,0,277,08:00:00,23:59:00,FALSE,FALSE,0,278,08:00:00,23:59:00,FALSE,FALSE,0,279,08:00:00,23:59:00,FALSE,FALSE,0,280,08:00:00,23:59:00,FALSE,FALSE,0,281,08:00:00,23:59:00,FALSE,FALSE,0,282,08:00:00,23:59:00,FALSE,FALSE,0,283,15:00:00,23:59:00,FALSE,FALSE,an-namudhajiyah-riyadh,FALSE,FALSE,-,-,,,,,,,,,,,,,,,,,,,,,,,,,,,,,,,,,,,,,,,,,,
202,1,0,An Narjis - Riyadh,,Riyadh,,8001000014,8001000014,-,"An Narjis - Riyadh,Riyadh",46.644308,24.861479,1,,An Narjis - Riyadh,u003cdivu003eSaturday : 08:00 - 23:59  Sunday : 08:00 - 23:59  Monday : 08:00 - 23:59  Tuesday : 08:00 - 23:59  Wednesday : 08:00 - 23:59  Thursday : 08:00 - 23:59  Friday : 15:00 - 23:59 u003c/divu003e,,0,277,08:00:00,23:59:00,FALSE,FALSE,0,278,08:00:00,23:59:00,FALSE,FALSE,0,279,08:00:00,23:59:00,FALSE,FALSE,0,280,08:00:00,23:59:00,FALSE,FALSE,0,281,08:00:00,23:59:00,FALSE,FALSE,0,282,08:00:00,23:59:00,FALSE,FALSE,0,283,15:00:00,23:59:00,FALSE,FALSE,an-narjis-riyadh,FALSE,FALSE,-,-,,,,,,,,,,,,,,,,,,,,,,,,,,,,,,,,,,,,,,,,,,
3,1,0,Ar Rawabi - Riyadh,,Riyadh,,8001000014,8001000014,-,"Ar Rawabi - Riyadh,Riyadh",46.78954,24.683804,1,,Ar Rawabi - Riyadh,u003cdivu003eSaturday : 08:00 - 23:59  Sunday : 08:00 - 23:59  Monday : 08:00 - 23:59  Tuesday : 08:00 - 23:59  Wednesday : 08:00 - 23:59  Thursday : 08:00 - 23:59  Friday : 15:00 - 23:59 u003c/divu003e,,0,277,08:00:00,23:59:00,FALSE,FALSE,0,278,08:00:00,23:59:00,FALSE,FALSE,0,279,08:00:00,23:59:00,FALSE,FALSE,0,280,08:00:00,23:59:00,FALSE,FALSE,0,281,08:00:00,23:59:00,FALSE,FALSE,0,282,08:00:00,23:59:00,FALSE,FALSE,0,283,15:00:00,23:59:00,FALSE,FALSE,ar-rawabi-riyadh,FALSE,FALSE,-,-,,,,,,,,,,,,,,,,,,,,,,,,,,,,,,,,,,,,,,,,,,
88,80,0,Ar Rawdah - Abu Arish,,Jizan,,8001000014,8001000014,-,"Ar Rawdah - Abu Arish,Jizan",42.81011,16.97153,1,,Ar Rawdah - Abu Arish,u003cdivu003eSaturday : 08:00 - 23:59  Sunday : 08:00 - 23:59  Monday : 08:00 - 23:59  Tuesday : 08:00 - 23:59  Wednesday : 08:00 - 23:59  Thursday : 08:00 - 23:59  Friday : 15:00 - 23:59 u003c/divu003e,,0,277,08:00:00,23:59:00,FALSE,FALSE,0,278,08:00:00,23:59:00,FALSE,FALSE,0,279,08:00:00,23:59:00,FALSE,FALSE,0,280,08:00:00,23:59:00,FALSE,FALSE,0,281,08:00:00,23:59:00,FALSE,FALSE,0,282,08:00:00,23:59:00,FALSE,FALSE,0,283,15:00:00,23:59:00,FALSE,FALSE,ar-rawdah-abu-arish,FALSE,FALSE,-,-,,,,,,,,,,,,,,,,,,,,,,,,,,,,,,,,,,,,,,,,,,
6,82,0,Ar Rawdah - Dammam,,Dammam,,8001000014,8001000014,-,"Ar Rawdah - Dammam,Dammam",50.07601,26.414004,1,,Ar Rawdah - Dammam,u003cdivu003eSaturday: 24 hours Sunday: 24 hours Monday: 24 hours Tuesday: 24 hours Wednesday: 24 hours Thursday: 24 hours Friday : 00:00 - 09:00  Friday : 13:00 - 23:59 u003c/divu003e,,0,277,,,TRUE,FALSE,0,278,,,TRUE,FALSE,0,279,,,TRUE,FALSE,0,280,,,TRUE,FALSE,0,281,,,TRUE,FALSE,0,282,,,TRUE,FALSE,0,283,00:00:00,09:00:00,FALSE,FALSE,ar-rawdah-dammam,FALSE,FALSE,-,-,0,283,13:00:00,23:59:00,FALSE,FALSE,,,,,,,,,,,,,,,,,,,,,,,,,,,,,,,,,,,,
143,100,0,Arar Airport,,Arar,,8001000014,8001000014,-,"Arar Airport,Arar",41.137741,30.902202,1,,Arar Airport,u003cdivu003eSaturday : 06:00 - 21:30  Sunday : 06:00 - 21:30  Monday : 06:00 - 21:30  Tuesday : 06:00 - 21:30  Wednesday : 06:00 - 21:30  Thursday : 06:00 - 21:30  Friday : 06:00 - 21:30 u003c/divu003e,,0,277,06:00:00,21:30:00,FALSE,FALSE,0,278,06:00:00,21:30:00,FALSE,FALSE,0,279,06:00:00,21:30:00,FALSE,FALSE,0,280,06:00:00,21:30:00,FALSE,FALSE,0,281,06:00:00,21:30:00,FALSE,FALSE,0,282,06:00:00,21:30:00,FALSE,FALSE,0,283,06:00:00,21:30:00,FALSE,FALSE,arar-airport,FALSE,FALSE,-,-,,,,,,,,,,,,,,,,,,,,,,,,,,,,,,,,,,,,,,,,,,
13,78,0,As Salamah - Jeddah,,Jeddah,,8001000014,8001000014,-,"As Salamah - Jeddah,Jeddah",39.164077,21.583785,1,,As Salamah - Jeddah,u003cdivu003eSaturday: 24 hours Sunday: 24 hours Monday: 24 hours Tuesday: 24 hours Wednesday: 24 hours Thursday: 24 hours Friday : 00:00 - 09:00  Friday : 13:00 - 23:59 u003c/divu003e,,0,277,,,TRUE,FALSE,0,278,,,TRUE,FALSE,0,279,,,TRUE,FALSE,0,280,,,TRUE,FALSE,0,281,,,TRUE,FALSE,0,282,,,TRUE,FALSE,0,283,00:00:00,09:00:00,FALSE,FALSE,as-salamah-jeddah,FALSE,FALSE,-,-,0,283,13:00:00,23:59:00,FALSE,FALSE,,,,,,,,,,,,,,,,,,,,,,,,,,,,,,,,,,,,
7,1,0,As Suwaidi - Riyadh,,Riyadh,,8001000014,8001000014,-,"As Suwaidi - Riyadh,Riyadh",46.657471,24.568285,1,,As Suwaidi - Riyadh,u003cdivu003eSaturday: 24 hours Sunday: 24 hours Monday: 24 hours Tuesday: 24 hours Wednesday: 24 hours Thursday: 24 hours Friday : 00:00 - 09:00  Friday : 13:00 - 23:59 u003c/divu003e,,0,277,,,TRUE,FALSE,0,278,,,TRUE,FALSE,0,279,,,TRUE,FALSE,0,280,,,TRUE,FALSE,0,281,,,TRUE,FALSE,0,282,,,TRUE,FALSE,0,283,00:00:00,09:00:00,FALSE,FALSE,as-suwaidi-riyadh,FALSE,FALSE,-,-,0,283,13:00:00,23:59:00,FALSE,FALSE,,,,,,,,,,,,,,,,,,,,,,,,,,,,,,,,,,,,
137,1,0,Badr - Riyadh,,Riyadh,,8001000014,8001000014,-,"Badr - Riyadh,Riyadh",46.712902,24.545356,1,,Badr - Riyadh,u003cdivu003eSaturday : 08:00 - 23:59  Sunday : 08:00 - 23:59  Monday : 08:00 - 23:59  Tuesday : 08:00 - 23:59  Wednesday : 08:00 - 23:59  Thursday : 08:00 - 23:59  Friday : 15:00 - 23:59 u003c/divu003e,,0,277,08:00:00,23:59:00,FALSE,FALSE,0,278,08:00:00,23:59:00,FALSE,FALSE,0,279,08:00:00,23:59:00,FALSE,FALSE,0,280,08:00:00,23:59:00,FALSE,FALSE,0,281,08:00:00,23:59:00,FALSE,FALSE,0,282,08:00:00,23:59:00,FALSE,FALSE,0,283,15:00:00,23:59:00,FALSE,FALSE,badr-riyadh,FALSE,FALSE,-,-,,,,,,,,,,,,,,,,,,,,,,,,,,,,,,,,,,,,,,,,,,
127,106,0,Baljurashi,,Baljurashi,,8001000014,8001000014,-,"Baljurashi,Baljurashi",41.578742,19.857903,1,,Baljurashi,u003cdivu003eSaturday : 08:00 - 23:59  Sunday : 08:00 - 23:59  Monday : 08:00 - 23:59  Tuesday : 08:00 - 23:59  Wednesday : 08:00 - 23:59  Thursday : 08:00 - 23:59  Friday : 15:00 - 23:59 u003c/divu003e,,0,277,08:00:00,23:59:00,FALSE,FALSE,0,278,08:00:00,23:59:00,FALSE,FALSE,0,279,08:00:00,23:59:00,FALSE,FALSE,0,280,08:00:00,23:59:00,FALSE,FALSE,0,281,08:00:00,23:59:00,FALSE,FALSE,0,282,08:00:00,23:59:00,FALSE,FALSE,0,283,15:00:00,23:59:00,FALSE,FALSE,baljurashi,FALSE,FALSE,-,-,,,,,,,,,,,,,,,,,,,,,,,,,,,,,,,,,,,,,,,,,,
223,154,0,Bisha Airport,,Besha,,8001000014,8001000014,-,"Bisha Airport,Besha",42.618596,19.994796,1,,Bisha Airport,u003cdivu003eSaturday : 07:00 - 22:00  Sunday : 07:00 - 22:00  Monday : 07:00 - 22:00  Tuesday : 07:00 - 22:00  Wednesday : 07:00 - 22:00  Thursday : 07:00 - 22:00  Friday : 07:00 - 22:00 u003c/divu003e,,0,277,07:00:00,22:00:00,FALSE,FALSE,0,278,07:00:00,22:00:00,FALSE,FALSE,0,279,07:00:00,22:00:00,FALSE,FALSE,0,280,07:00:00,22:00:00,FALSE,FALSE,0,281,07:00:00,22:00:00,FALSE,FALSE,0,282,07:00:00,22:00:00,FALSE,FALSE,0,283,07:00:00,22:00:00,FALSE,FALSE,bisha-airport,FALSE,FALSE,-,-,,,,,,,,,,,,,,,,,,,,,,,,,,,,,,,,,,,,,,,,,,
113,153,0,Cairo Airport,,CAIRO,,8001000014,8001000014,-,"Cairo Airport,CAIRO",31.396248,30.11245,9,,Cairo Airport,u003cdivu003eSaturday: 24 hours Sunday: 24 hours Monday: 24 hours Tuesday: 24 hours Wednesday: 24 hours Thursday: 24 hours Friday: 24 hours.u003c/divu003e,,0,277,,,TRUE,FALSE,0,278,,,TRUE,FALSE,0,279,,,TRUE,FALSE,0,280,,,TRUE,FALSE,0,281,,,TRUE,FALSE,0,282,,,TRUE,FALSE,0,283,,,TRUE,FALSE,cairo-airport,FALSE,FALSE,-,-,,,,,,,,,,,,,,,,,,,,,,,,,,,,,,,,,,,,,,,,,,
149,153,0,Cairo Airport Terminal 2,,CAIRO,,8001000014,8001000014,-,"Cairo Airport Terminal 2,CAIRO",31.396323,30.112467,9,,Cairo Airport Terminal 2,u003cdivu003eSaturday: 24 hours Sunday: 24 hours Monday: 24 hours Tuesday: 24 hours Wednesday: 24 hours Thursday: 24 hours Friday: 24 hours.u003c/divu003e,,0,277,,,TRUE,FALSE,0,278,,,TRUE,FALSE,0,279,,,TRUE,FALSE,0,280,,,TRUE,FALSE,0,281,,,TRUE,FALSE,0,282,,,TRUE,FALSE,0,283,,,TRUE,FALSE,cairo-airport-terminal-2,FALSE,FALSE,-,-,,,,,,,,,,,,,,,,,,,,,,,,,,,,,,,,,,,,,,,,,,
71,1,0,Dhahrat Laban - Al Shafa St - Riyadh,,Riyadh,,8001000014,8001000014,-,"Dhahrat Laban - Al Shafa St - Riyadh,Riyadh",46.543442,24.619095,1,,Dhahrat Laban - Al Shafa St - Riyadh,u003cdivu003eSaturday : 12:00 - 23:59  Sunday : 12:00 - 23:59  Monday : 12:00 - 23:59  Tuesday : 12:00 - 23:59  Wednesday : 12:00 - 23:59  Thursday : 12:00 - 23:59 u003c/divu003e,,0,277,12:00:00,23:59:00,FALSE,FALSE,0,278,12:00:00,23:59:00,FALSE,FALSE,0,279,12:00:00,23:59:00,FALSE,FALSE,0,280,12:00:00,23:59:00,FALSE,FALSE,0,281,12:00:00,23:59:00,FALSE,FALSE,0,282,12:00:00,23:59:00,FALSE,FALSE,,,,,,,dhahrat-laban-al-shafa-st-riyadh,FALSE,FALSE,-,-,,,,,,,,,,,,,,,,,,,,,,,,,,,,,,,,,,,,,,,,,,
70,1,0,Dhahrat Laban - Taif St - Riyadh,,Riyadh,,8001000014,8001000014,-,"Dhahrat Laban - Taif St - Riyadh,Riyadh",46.535307,24.636032,1,,Dhahrat Laban - Taif St - Riyadh,u003cdivu003eSaturday: 24 hours Sunday: 24 hours Monday: 24 hours Tuesday: 24 hours Wednesday: 24 hours Thursday: 24 hours Friday : 00:00 - 09:00  Friday : 13:00 - 23:59 u003c/divu003e,,0,277,,,TRUE,FALSE,0,278,,,TRUE,FALSE,0,279,,,TRUE,FALSE,0,280,,,TRUE,FALSE,0,281,,,TRUE,FALSE,0,282,,,TRUE,FALSE,0,283,00:00:00,09:00:00,FALSE,FALSE,dhahrat-laban-taif-st-riyadh,FALSE,FALSE,-,-,0,283,13:00:00,23:59:00,FALSE,FALSE,,,,,,,,,,,,,,,,,,,,,,,,,,,,,,,,,,,,
36,51,0,Dubai Airport Terminal 1,,Dubai,,8001000014,8001000014,-,"Dubai Airport Terminal 1,Dubai",55.352595,25.249025,4,,Dubai Airport Terminal 1,u003cdivu003eSaturday: 24 hours Sunday: 24 hours Monday: 24 hours Tuesday: 24 hours Wednesday: 24 hours Thursday: 24 hours Friday: 24 hours.u003c/divu003e,,0,277,,,TRUE,FALSE,0,278,,,TRUE,FALSE,0,279,,,TRUE,FALSE,0,280,,,TRUE,FALSE,0,281,,,TRUE,FALSE,0,282,,,TRUE,FALSE,0,283,,,TRUE,FALSE,dubai-airport-terminal-1,FALSE,FALSE,-,-,,,,,,,,,,,,,,,,,,,,,,,,,,,,,,,,,,,,,,,,,,
174,51,0,Dubai Airport Terminal 2,,Dubai,,8001000014,8001000014,-,"Dubai Airport Terminal 2,Dubai",55.358072,25.265547,4,,Dubai Airport Terminal 2,u003cdivu003eSaturday: 24 hours Sunday: 24 hours Monday: 24 hours Tuesday: 24 hours Wednesday: 24 hours Thursday: 24 hours Friday: 24 hours.u003c/divu003e,,0,277,,,TRUE,FALSE,0,278,,,TRUE,FALSE,0,279,,,TRUE,FALSE,0,280,,,TRUE,FALSE,0,281,,,TRUE,FALSE,0,282,,,TRUE,FALSE,0,283,,,TRUE,FALSE,dubai-airport-terminal-2,FALSE,FALSE,-,-,,,,,,,,,,,,,,,,,,,,,,,,,,,,,,,,,,,,,,,,,,
192,51,0,Dubai city,,Dubai,,8001000014,8001000014,-,"Dubai city,Dubai",55.355019,25.257529,4,,Dubai city,u003cdivu003eSunday : 09:00 - 18:00  Monday : 09:00 - 18:00  Tuesday : 09:00 - 18:00  Wednesday : 09:00 - 18:00  Thursday : 09:00 - 18:00 u003c/divu003e,,0,278,09:00:00,18:00:00,FALSE,FALSE,0,279,09:00:00,18:00:00,FALSE,FALSE,0,280,09:00:00,18:00:00,FALSE,FALSE,0,281,09:00:00,18:00:00,FALSE,FALSE,0,282,09:00:00,18:00:00,FALSE,FALSE,,,,,,,,,,,,,dubai-city,FALSE,FALSE,-,-,,,,,,,,,,,,,,,,,,,,,,,,,,,,,,,,,,,,,,,,,,
58,1,0,Eltawon  - Riyadh,,Riyadh,,8001000014,8001000014,-,"Eltawon  - Riyadh,Riyadh",46.687042,24.77542,1,,Eltawon  - Riyadh,u003cdivu003eSaturday : 08:00 - 23:59  Sunday : 08:00 - 23:59  Monday : 08:00 - 23:59  Tuesday : 08:00 - 23:59  Wednesday : 08:00 - 23:59  Thursday : 08:00 - 23:59  Friday : 15:00 - 23:59 u003c/divu003e,,0,277,08:00:00,23:59:00,FALSE,FALSE,0,278,08:00:00,23:59:00,FALSE,FALSE,0,279,08:00:00,23:59:00,FALSE,FALSE,0,280,08:00:00,23:59:00,FALSE,FALSE,0,281,08:00:00,23:59:00,FALSE,FALSE,0,282,08:00:00,23:59:00,FALSE,FALSE,0,283,15:00:00,23:59:00,FALSE,FALSE,eltawon-riyadh,FALSE,FALSE,-,-,,,,,,,,,,,,,,,,,,,,,,,,,,,,,,,,,,,,,,,,,,
119,40,0,Hail Airport,,Hail,,8001000014,8001000014,-,"Hail Airport,Hail",41.69026,27.437725,1,,Hail Airport,u003cdivu003eFriday: 24 hours Thursday: 24 hours Wednesday: 24 hours Tuesday: 24 hours Monday: 24 hours Sunday: 24 hours Saturday: 24 hours.u003c/divu003e,,0,283,,,TRUE,FALSE,0,282,,,TRUE,FALSE,0,281,,,TRUE,FALSE,0,280,,,TRUE,FALSE,0,279,,,TRUE,FALSE,0,278,,,TRUE,FALSE,0,277,,,TRUE,FALSE,hail-airport,FALSE,FALSE,-,-,,,,,,,,,,,,,,,,,,,,,,,,,,,,,,,,,,,,,,,,,,
42,78,0,Hail Al Baghdadiyah  - Jeddah,,Jeddah,,8001000014,8001000014,-,"Hail Al Baghdadiyah  - Jeddah,Jeddah",39.179366,21.503648,1,,Hail Al Baghdadiyah  - Jeddah,u003cdivu003eSaturday : 12:00 - 23:59  Sunday : 12:00 - 23:59  Monday : 12:00 - 23:59  Tuesday : 12:00 - 23:59  Wednesday : 12:00 - 23:59  Thursday : 12:00 - 23:59 u003c/divu003e,,0,277,12:00:00,23:59:00,FALSE,FALSE,0,278,12:00:00,23:59:00,FALSE,FALSE,0,279,12:00:00,23:59:00,FALSE,FALSE,0,280,12:00:00,23:59:00,FALSE,FALSE,0,281,12:00:00,23:59:00,FALSE,FALSE,0,282,12:00:00,23:59:00,FALSE,FALSE,,,,,,,hail-al-baghdadiyah-jeddah,FALSE,FALSE,-,-,,,,,,,,,,,,,,,,,,,,,,,,,,,,,,,,,,,,,,,,,,
18,80,0,Jazan Airport - Jizan,,Jizan,,8001000014,8001000014,-,"Jazan Airport - Jizan,Jizan",42.582465,16.89902,1,,Jazan Airport - Jizan,u003cdivu003eFriday: 24 hours Thursday: 24 hours Wednesday: 24 hours Tuesday: 24 hours Monday: 24 hours Sunday: 24 hours Saturday: 24 hours.u003c/divu003e,,0,283,,,TRUE,FALSE,0,282,,,TRUE,FALSE,0,281,,,TRUE,FALSE,0,280,,,TRUE,FALSE,0,279,,,TRUE,FALSE,0,278,,,TRUE,FALSE,0,277,,,TRUE,FALSE,jazan-airport-jizan,FALSE,FALSE,-,-,,,,,,,,,,,,,,,,,,,,,,,,,,,,,,,,,,,,,,,,,,
15,78,0,King Abdulaziz Airport Terminal 1 - Jeddah,,Jeddah,,8001000014,8001000014,-,"King Abdulaziz Airport Terminal 1 - Jeddah,Jeddah",39.173858,21.660333,1,,King Abdulaziz Airport Terminal 1 - Jeddah,u003cdivu003eFriday: 24 hours Thursday: 24 hours Wednesday: 24 hours Tuesday: 24 hours Monday: 24 hours Sunday: 24 hours Saturday: 24 hours.u003c/divu003e,,0,283,,,TRUE,FALSE,0,282,,,TRUE,FALSE,0,281,,,TRUE,FALSE,0,280,,,TRUE,FALSE,0,279,,,TRUE,FALSE,0,278,,,TRUE,FALSE,0,277,,,TRUE,FALSE,king-abdulaziz-airport-terminal-1-jeddah,FALSE,FALSE,-,-,,,,,,,,,,,,,,,,,,,,,,,,,,,,,,,,,,,,,,,,,,
46,82,0,King Fahad Airport - Dammam,,Dammam,,8001000014,8001000014,-,"King Fahad Airport - Dammam,Dammam",49.797722,26.468972,1,,King Fahad Airport - Dammam,u003cdivu003eFriday: 24 hours Thursday: 24 hours Wednesday: 24 hours Tuesday: 24 hours Monday: 24 hours Sunday: 24 hours Saturday: 24 hours.u003c/divu003e,,0,283,,,TRUE,FALSE,0,282,,,TRUE,FALSE,0,281,,,TRUE,FALSE,0,280,,,TRUE,FALSE,0,279,,,TRUE,FALSE,0,278,,,TRUE,FALSE,0,277,,,TRUE,FALSE,king-fahad-airport-dammam,FALSE,FALSE,-,-,,,,,,,,,,,,,,,,,,,,,,,,,,,,,,,,,,,,,,,,,,
57,1,0,King Khalid Airport Terminal 3-4- Riyadh,,Riyadh,,8001000014,8001000014,-,"King Khalid Airport Terminal 3-4- Riyadh,Riyadh",46.701483,24.961635,1,,King Khalid Airport Terminal 3-4- Riyadh,u003cdivu003eFriday: 24 hours Thursday: 24 hours Wednesday: 24 hours Tuesday: 24 hours Monday: 24 hours Sunday: 24 hours Saturday: 24 hours.u003c/divu003e,,0,283,,,TRUE,FALSE,0,282,,,TRUE,FALSE,0,281,,,TRUE,FALSE,0,280,,,TRUE,FALSE,0,279,,,TRUE,FALSE,0,278,,,TRUE,FALSE,0,277,,,TRUE,FALSE,king-khalid-airport-terminal-3-4-riyadh,FALSE,FALSE,-,-,,,,,,,,,,,,,,,,,,,,,,,,,,,,,,,,,,,,,,,,,,
122,1,0,King Khalid Airport Terminal 5 - Riyadh,,Riyadh,,8001000014,8001000014,-,"King Khalid Airport Terminal 5 - Riyadh,Riyadh",46.710977,24.941933,1,,King Khalid Airport Terminal 5 - Riyadh,u003cdivu003eFriday: 24 hours Thursday: 24 hours Wednesday: 24 hours Tuesday: 24 hours Monday: 24 hours Sunday: 24 hours Saturday: 24 hours.u003c/divu003e,,0,283,,,TRUE,FALSE,0,282,,,TRUE,FALSE,0,281,,,TRUE,FALSE,0,280,,,TRUE,FALSE,0,279,,,TRUE,FALSE,0,278,,,TRUE,FALSE,0,277,,,TRUE,FALSE,king-khalid-airport-terminal-5-riyadh,FALSE,FALSE,-,-,,,,,,,,,,,,,,,,,,,,,,,,,,,,,,,,,,,,,,,,,,
52,94,0,King Saud Airport - Albahah,,albaha,,8001000014,8001000014,-,"King Saud Airport - Albahah,albaha",41.639877,20.294102,1,,King Saud Airport - Albahah,u003cdivu003eSunday : 08:00 - 19:30  Monday : 08:00 - 19:30  Friday : 08:00 - 19:30  Saturday : 08:00 - 22:00  Tuesday : 08:00 - 22:00  Wednesday : 08:00 - 22:00  Thursday : 08:00 - 22:00 u003c/divu003e,,0,278,08:00:00,19:30:00,FALSE,FALSE,0,279,08:00:00,19:30:00,FALSE,FALSE,0,283,08:00:00,19:30:00,FALSE,FALSE,0,277,08:00:00,22:00:00,FALSE,FALSE,0,280,08:00:00,22:00:00,FALSE,FALSE,0,281,08:00:00,22:00:00,FALSE,FALSE,0,282,08:00:00,22:00:00,FALSE,FALSE,king-saud-airport-albahah,FALSE,FALSE,-,-,,,,,,,,,,,,,,,,,,,,,,,,,,,,,,,,,,,,,,,,,,
1032,152,0,King Saud Road -Najran,,NAGRAN,,8001000014,8001000014,-,"King Saud Road -Najran,NAGRAN",44.224285,17.551754,1,,King Saud Road -Najran,u003cdivu003eSaturday : 08:00 - 23:59  Sunday : 08:00 - 23:59  Monday : 08:00 - 23:59  Tuesday : 08:00 - 23:59  Wednesday : 08:00 - 23:59  Thursday : 08:00 - 23:59  Friday : 15:00 - 23:59 u003c/divu003e,,0,277,08:00:00,23:59:00,FALSE,FALSE,0,278,08:00:00,23:59:00,FALSE,FALSE,0,279,08:00:00,23:59:00,FALSE,FALSE,0,280,08:00:00,23:59:00,FALSE,FALSE,0,281,08:00:00,23:59:00,FALSE,FALSE,0,282,08:00:00,23:59:00,FALSE,FALSE,0,283,15:00:00,23:59:00,FALSE,FALSE,king-saud-road-najran,FALSE,FALSE,-,-,,,,,,,,,,,,,,,,,,,,,,,,,,,,,,,,,,,,,,,,,,
1102,104,0,Majidiya Qatif ,,,,543830005,543830005,-,"Majidiya Qatif ,",50.020622,26.552495,1,,Majidiya Qatif ,u003cdivu003eSaturday : 08:00 - 23:59  Sunday : 08:00 - 23:59  Monday : 08:00 - 23:59  Tuesday : 08:00 - 23:59  Wednesday : 08:00 - 23:59  Thursday : 08:00 - 23:59  Friday : 16:00 - 23:59 u003c/divu003e,,0,277,08:00:00,23:59:00,FALSE,FALSE,0,278,08:00:00,23:59:00,FALSE,FALSE,0,279,08:00:00,23:59:00,FALSE,FALSE,0,280,08:00:00,23:59:00,FALSE,FALSE,0,281,08:00:00,23:59:00,FALSE,FALSE,0,282,08:00:00,23:59:00,FALSE,FALSE,0,283,16:00:00,23:59:00,FALSE,FALSE,majidiya-qatif-,FALSE,FALSE,-,-,,,,,,,,,,,,,,,,,,,,,,,,,,,,,,,,,,,,,,,,,,
222,152,0,Najran Airport,,NAGRAN,,8001000014,8001000014,-,"Najran Airport,NAGRAN",44.419559,17.616997,1,,Najran Airport,u003cdivu003eSaturday : 00:00 - 03:00  Saturday : 07:00 - 18:30  Sunday : 00:00 - 03:00  Sunday : 07:00 - 18:30  Monday : 00:00 - 03:00  Monday : 07:00 - 18:30  Tuesday : 00:00 - 03:00  Tuesday : 07:00 - 18:30  Wednesday : 00:00 - 03:00  Wednesday : 07:00 - 18:30  Thursday : 00:00 - 03:00  Thursday : 07:00 - 18:30  Friday : 00:00 - 03:00  Friday : 07:00 - 18:30 u003c/divu003e,,0,277,00:00:00,03:00:00,FALSE,FALSE,0,277,07:00:00,18:30:00,FALSE,FALSE,0,278,00:00:00,03:00:00,FALSE,FALSE,0,278,07:00:00,18:30:00,FALSE,FALSE,0,279,00:00:00,03:00:00,FALSE,FALSE,0,279,07:00:00,18:30:00,FALSE,FALSE,0,280,00:00:00,03:00:00,FALSE,FALSE,najran-airport,FALSE,FALSE,-,-,0,280,07:00:00,18:30:00,FALSE,FALSE,0,281,00:00:00,03:00:00,FALSE,FALSE,0,281,07:00:00,18:30:00,FALSE,FALSE,0,282,00:00:00,03:00:00,FALSE,FALSE,0,282,07:00:00,18:30:00,FALSE,FALSE,0,283,00:00:00,03:00:00,FALSE,FALSE,0,283,07:00:00,18:30:00,FALSE,FALSE
39,92,0,Prince Abdul Mohsin Airport - Yanbu,,YANBU,,8001000014,8001000014,-,"Prince Abdul Mohsin Airport - Yanbu,YANBU",38.063014,24.150378,1,,Prince Abdul Mohsin Airport - Yanbu,u003cdivu003eFriday: 24 hours Thursday: 24 hours Wednesday: 24 hours Tuesday: 24 hours Monday: 24 hours Sunday: 24 hours Saturday: 24 hours.u003c/divu003e,,0,283,,,TRUE,FALSE,0,282,,,TRUE,FALSE,0,281,,,TRUE,FALSE,0,280,,,TRUE,FALSE,0,279,,,TRUE,FALSE,0,278,,,TRUE,FALSE,0,277,,,TRUE,FALSE,prince-abdul-mohsin-airport-yanbu,FALSE,FALSE,-,-,,,,,,,,,,,,,,,,,,,,,,,,,,,,,,,,,,,,,,,,,,
8,80,0,"Prince Mohammad Bin Nasser Rd, Jazan",,Jizan,,8001000014,8001000014,-,"Prince Mohammad Bin Nasser Rd, Jazan,Jizan",42.556652,16.920138,1,,"Prince Mohammad Bin Nasser Rd, Jazan",u003cdivu003eSaturday: 24 hours Sunday: 24 hours Monday: 24 hours Tuesday: 24 hours Wednesday: 24 hours Thursday: 24 hours Friday : 00:00 - 09:00  Friday : 13:00 - 23:59 u003c/divu003e,,0,277,,,TRUE,FALSE,0,278,,,TRUE,FALSE,0,279,,,TRUE,FALSE,0,280,,,TRUE,FALSE,0,281,,,TRUE,FALSE,0,282,,,TRUE,FALSE,0,283,00:00:00,09:00:00,FALSE,FALSE,"prince-mohammad-bin-nasser-rd,-jazan",FALSE,FALSE,-,-,0,283,13:00:00,23:59:00,FALSE,FALSE,,,,,,,,,,,,,,,,,,,,,,,,,,,,,,,,,,,,
17,83,0,Prince Mohammed Airport - Medina,,Al Madena,,8001000014,8001000014,-,"Prince Mohammed Airport - Medina,Al Madena",39.715874,24.55347,1,,Prince Mohammed Airport - Medina,u003cdivu003eFriday: 24 hours Thursday: 24 hours Wednesday: 24 hours Tuesday: 24 hours Monday: 24 hours Sunday: 24 hours Saturday: 24 hours.u003c/divu003e,,0,283,,,TRUE,FALSE,0,282,,,TRUE,FALSE,0,281,,,TRUE,FALSE,0,280,,,TRUE,FALSE,0,279,,,TRUE,FALSE,0,278,,,TRUE,FALSE,0,277,,,TRUE,FALSE,prince-mohammed-airport-medina,FALSE,FALSE,-,-,,,,,,,,,,,,,,,,,,,,,,,,,,,,,,,,,,,,,,,,,,
40,93,0,Prince Naif Airport International Terminal 2,,Qassim,,8001000014,8001000014,-,"Prince Naif Airport International Terminal 2,Qassim",43.768116,26.305511,1,,Prince Naif Airport International Terminal 2,u003cdivu003eFriday: 24 hours Thursday: 24 hours Wednesday: 24 hours Tuesday: 24 hours Monday: 24 hours Sunday: 24 hours Saturday: 24 hours.u003c/divu003e,,0,283,,,TRUE,FALSE,0,282,,,TRUE,FALSE,0,281,,,TRUE,FALSE,0,280,,,TRUE,FALSE,0,279,,,TRUE,FALSE,0,278,,,TRUE,FALSE,0,277,,,TRUE,FALSE,prince-naif-airport-international-terminal-2,FALSE,FALSE,-,-,,,,,,,,,,,,,,,,,,,,,,,,,,,,,,,,,,,,,,,,,,
227,93,0,"Prince Nayef Airport, Interior Terminal 1",,Qassim,,8001000014,8001000014,-,"Prince Nayef Airport, Interior Terminal 1,Qassim",43.769716,26.298945,1,,"Prince Nayef Airport, Interior Terminal 1",u003cdivu003eFriday: 24 hours Thursday: 24 hours Wednesday: 24 hours Tuesday: 24 hours Monday: 24 hours Sunday: 24 hours Saturday: 24 hours.u003c/divu003e,,0,283,,,TRUE,FALSE,0,282,,,TRUE,FALSE,0,281,,,TRUE,FALSE,0,280,,,TRUE,FALSE,0,279,,,TRUE,FALSE,0,278,,,TRUE,FALSE,0,277,,,TRUE,FALSE,"prince-nayef-airport,-interior-terminal-1",FALSE,FALSE,-,-,,,,,,,,,,,,,,,,,,,,,,,,,,,,,,,,,,,,,,,,,,
51,41,0,Prince Sultan Airport - Tabuk,,Tabuk,,8001000014,8001000014,-,"Prince Sultan Airport - Tabuk,Tabuk",36.598673,28.372024,1,,Prince Sultan Airport - Tabuk,u003cdivu003eFriday: 24 hours Thursday: 24 hours Wednesday: 24 hours Tuesday: 24 hours Monday: 24 hours Sunday: 24 hours Saturday: 24 hours.u003c/divu003e,,0,283,,,TRUE,FALSE,0,282,,,TRUE,FALSE,0,281,,,TRUE,FALSE,0,280,,,TRUE,FALSE,0,279,,,TRUE,FALSE,0,278,,,TRUE,FALSE,0,277,,,TRUE,FALSE,prince-sultan-airport-tabuk,FALSE,FALSE,-,-,,,,,,,,,,,,,,,,,,,,,,,,,,,,,,,,,,,,,,,,,,
35,85,0,Taif Airport,,Taif,,8001000014,8001000014,-,"Taif Airport,Taif",40.55321,21.480513,1,,Taif Airport,u003cdivu003eFriday: 24 hours Thursday: 24 hours Wednesday: 24 hours Tuesday: 24 hours Monday: 24 hours Sunday: 24 hours Saturday: 24 hours.u003c/divu003e,,0,283,,,TRUE,FALSE,0,282,,,TRUE,FALSE,0,281,,,TRUE,FALSE,0,280,,,TRUE,FALSE,0,279,,,TRUE,FALSE,0,278,,,TRUE,FALSE,0,277,,,TRUE,FALSE,taif-airport,FALSE,FALSE,-,-,,,,,,,,,,,,,,,,,,,,,,,,,,,,,,,,,,,,,,,,,,
177,1,0,Tuwaiq - Jeddah Rd - Riyadh,,Riyadh,,8001000014,8001000014,-,"Tuwaiq - Jeddah Rd - Riyadh,Riyadh",46.497097,24.555555,1,,Tuwaiq - Jeddah Rd - Riyadh,u003cdivu003eSaturday : 12:00 - 23:59  Sunday : 12:00 - 23:59  Monday : 12:00 - 23:59  Tuesday : 12:00 - 23:59  Wednesday : 12:00 - 23:59  Thursday : 12:00 - 23:59 u003c/divu003e,,0,277,12:00:00,23:59:00,FALSE,FALSE,0,278,12:00:00,23:59:00,FALSE,FALSE,0,279,12:00:00,23:59:00,FALSE,FALSE,0,280,12:00:00,23:59:00,FALSE,FALSE,0,281,12:00:00,23:59:00,FALSE,FALSE,0,282,12:00:00,23:59:00,FALSE,FALSE,,,,,,,tuwaiq-jeddah-rd-riyadh,FALSE,FALSE,-,-,,,,,,,,,,,,,,,,,,,,,,,,,,,,,,,,,,,,,,,,,,
179,1,0,Tuwaiq - Najm Ad Din St - Riyadh,,Riyadh,,8001000014,8001000014,-,"Tuwaiq - Najm Ad Din St - Riyadh,Riyadh",46.558679,24.553122,1,,Tuwaiq - Najm Ad Din St - Riyadh,u003cdivu003eSaturday : 08:00 - 23:59  Sunday : 08:00 - 23:59  Monday : 08:00 - 23:59  Tuesday : 08:00 - 23:59  Wednesday : 08:00 - 23:59  Thursday : 08:00 - 23:59  Friday : 15:00 - 23:59 u003c/divu003e,,0,277,08:00:00,23:59:00,FALSE,FALSE,0,278,08:00:00,23:59:00,FALSE,FALSE,0,279,08:00:00,23:59:00,FALSE,FALSE,0,280,08:00:00,23:59:00,FALSE,FALSE,0,281,08:00:00,23:59:00,FALSE,FALSE,0,282,08:00:00,23:59:00,FALSE,FALSE,0,283,15:00:00,23:59:00,FALSE,FALSE,tuwaiq-najm-ad-din-st-riyadh,FALSE,FALSE,-,-,,,,,,,,,,,,,,,,,,,,,,,,,,,,,,,,,,,,,,,,,,
217,93,0,Unayzah -Al Qassim,,Qassim,,8001000014,8001000014,-,"Unayzah -Al Qassim,Qassim",43.967855,26.066333,1,,Unayzah -Al Qassim,u003cdivu003eSaturday : 08:00 - 23:59  Sunday : 08:00 - 23:59  Monday : 08:00 - 23:59  Tuesday : 08:00 - 23:59  Wednesday : 08:00 - 23:59  Thursday : 08:00 - 23:59  Friday : 15:00 - 23:59 u003c/divu003e,,0,277,08:00:00,23:59:00,FALSE,FALSE,0,278,08:00:00,23:59:00,FALSE,FALSE,0,279,08:00:00,23:59:00,FALSE,FALSE,0,280,08:00:00,23:59:00,FALSE,FALSE,0,281,08:00:00,23:59:00,FALSE,FALSE,0,282,08:00:00,23:59:00,FALSE,FALSE,0,283,15:00:00,23:59:00,FALSE,FALSE,unayzah-al-qassim,FALSE,FALSE,-,-,,,,,,,,,,,,,,,,,,,,,,,,,,,,,,,,,,,,,,,,,,
