priority,objectId,cityName,latitude,longitude,address/en,address/ar,storeStatus/value,storeStatus/label/en,storeStatus/label/ar,openingHours/en,openingHours/ar,distance/value,distance/unit/en,distance/unit/ar
1,4634,JEDDAH,21.446337,39.20117,Petromin district. Al-Mahjar St. infront of Al-Rajhi Bank,"حي بترومين , شارع المهجر, مقابل بنك الراحجي",Open,Open,مفتوح,Sat – Thu: 09:00 AM - 11:00 PM,السبت - الخميس: 09:00 ص - 11:00 م ,,,
2,4635,TAIF,21.287043,40.41868,Al-Obaikan Mall,مول العبيكان,Open,Open,مفتوح,Sat – Thu: 09:00 AM - 11:00 PM,السبت - الخميس: 09:00 ص - 11:00 م ,,,
3,4636,RANYAH,21.24951,42.85301,"Main  St. Telecom center, Rania Mall",الشارع العام رنيه مجمع الاتصاالاتصالات برنيه ,Open,Open,مفتوح,Sat – Thu: 09:00 AM - 09:00 PM,السبت - الخميس: 09:00 ص - 09:00 م ,,,
4,4637,RIYADH,24.595308,46.67958,"Sowaidi, sowidi Main street ",شارع السويدي العام بجانب شركة تايوتا,Open,Open,مفتوح,Sat – Thu: 09:00 AM - 11:00 PM,السبت - الخميس: 09:00 ص - 11:00 م ,,,
5,4638,AL DUWADIMI,24.503338,44.38745,Al Dwadmi Main Rd,طريق الملك عبدالعزيز بجانب ادارة التعليم,Open,Open,مفتوح,Sat – Thu: 09:00 AM - 11:00 PM,السبت - الخميس: 09:00 ص - 11:00 م ,,,
6,4639,RIYADH,24.733576,46.81533,Al Naseem- Saad Ibin Abi Waqas (40 St.),النسيم شارع الاربعين سابقا سعيد الخدري حاليا,Open,Open,مفتوح,Sat – Thu: 09:00 AM - 11:00 PM,السبت - الخميس: 09:00 ص - 11:00 م ,,,
7,4640,RIYADH,24.606337,46.75729,Al Mansourah district southren ring Rd.,المنصوره بجانب نادي بدي ماستر,Open,Open,مفتوح,Sat – Thu: 09:00 AM - 11:00 PM,السبت - الخميس: 09:00 ص - 11:00 م ,,,
8,4641,RIYADH,24.747166,46.68287,Mursalat Area. In front of Mursulat Center,حي المرسلات مقابل سوق المرسلات,Open,Open,مفتوح,Sat – Thu: 09:00 AM - 11:00 PM,السبت - الخميس: 09:00 ص - 11:00 م ,,,
9,4642,AR RASS,25.869234,43.505867,"Al-Souk district beside Al Ras Mall, ",الرس السوق بجوار الرس مول ,Open,Open,مفتوح,Sat – Thu: 09:00 AM - 11:00 PM,السبت - الخميس: 09:00 ص - 11:00 م ,,,
10,4643,AN NABHANIYAH,25.864166,43.064148,"King AbdulAziz Street, beside Al-Rajwol place",طريق الملك عبدالعزيز - قرب قصر الرجل,Open,Open,مفتوح,Sat – Thu: 09:00 AM - 11:00 PM,السبت - الخميس: 09:00 ص - 11:00 م ,,,
11,4644,RIYADH,24.688478,46.643375,"Om AL Hamam, prince Nawaf Bin Abdulaziz Str,Othaim Mall ","ام الحمام, شارع الامير نواف بن عبد العزيز , العثيم مول",Open,Open,مفتوح,Sat – Thu: 09:00 AM - 11:00 PM,السبت - الخميس: 09:00 ص - 11:00 م ,,,
12,4645,BURAYDAH,26.389555,43.92712,"Omar Ebin Al-Khatab St, infront of Fishon resturant",طريق عمر بن الخطاب 1125,Open,Open,مفتوح,Sat – Thu: 09:00 AM - 11:00 PM,السبت - الخميس: 09:00 ص - 11:00 م ,,,
13,4646,RIYADH,24.629679,46.6927,Al-Emam Abdullaziz Ban Mohammed Road / Al Shomisi,"الشميسي , شارع الامام عبد العزيز بن محمد",Open,Open,مفتوح,Sat – Thu: 09:00 AM - 11:00 PM,السبت - الخميس: 09:00 ص - 11:00 م ,,,
14,4647,RIYADH,24.750113,46.700638,Abu Baker Al Seddik â Al Mursalat District,حي المرسلات طريق ابو بكر الصديق,Open,Open,مفتوح,Sat – Thu: 09:00 AM - 11:00 PM,السبت - الخميس: 09:00 ص - 11:00 م ,,,
15,4648,TABUK,28.39965,36.5816,"Sultana Robin Prince Fahd Bin Sultan St, Ibin Nufail Building",حي سلطانه شارع الامير فهد بن سلطان,Open,Open,مفتوح,Sat – Thu: 09:00 AM - 11:00 PM,السبت - الخميس: 09:00 ص - 11:00 م ,,,
16,4649,RIYADH,24.751411,46.57433,King Abdul Aziz St. Al-Othaim hyper market,"طريق الملك عبد العزيز , العثيم هايبر ماركت",Open,Open,مفتوح,Sat – Thu: 09:00 AM - 11:00 PM,السبت - الخميس: 09:00 ص - 11:00 م ,,,
17,4650,RIYADH,24.754335,46.786385,Andalous district - Prince Bandar Bin Abdul Aziz road beside Al-Joker salon,"حي الاندلس طريق الامير بندر بن عبد العزيز , بجانب صالون الجوكر",Open,Open,مفتوح,Sat – Thu: 09:00 AM - 11:00 PM,السبت - الخميس: 09:00 ص - 11:00 م ,,,
18,4651,RIYADH,24.758123,46.662857,Al-Othem hypermarket AL-Morouj district ,"حي المروج , العثيم هايبرماركت",Open,Open,مفتوح,Sat – Thu: 09:00 AM - 11:00 PM,السبت - الخميس: 09:00 ص - 11:00 م ,,,
19,4652,RIYADH,24.591314,46.580986,AL Groub communication mall exit 30 Tauak district ,"حي طويق, مخرج 30",Open,Open,مفتوح,Sat – Thu: 09:00 AM - 11:00 PM,السبت - الخميس: 09:00 ص - 11:00 م ,,,
20,4653,RIYADH,24.689987,46.85437,"As Saadah district, Abu Ubaydah Amir Ibn al Jarrah St.","حي السعادة, أبو عبيدة عامر بن الجراح",Open,Open,مفتوح,Sat – Thu: 09:00 AM - 11:00 PM,السبت - الخميس: 09:00 ص - 11:00 م ,,,
21,4654,NAJRAN,17.4935,44.189583,"AL Qabil, AL huseen street, Beside Othem Mall",القابيل طريق الحسين بجانب العثيم مول,Open,Open,مفتوح,Sat – Thu: 09:00 AM - 11:00 PM,السبت - الخميس: 09:00 ص - 11:00 م ,,,
22,4655,AL QATIF,26.568743,50.009705,OHAD STREET infront of STC ,"القطيف ,شارع احد مقابل البنك البريطاني ( ساب )",Open,Open,مفتوح,Sat – Thu: 09:00 AM - 11:00 PM,السبت - الخميس: 09:00 ص - 11:00 م ,,,
23,4656,BUQAYQ,25.927341,49.657566,"Prince Naif St, the dental clinics building","ابقيق , شارع الامير نايف مبنى مركز تجميل الاسنان ",Open,Open,مفتوح,Sat – Thu: 09:00 AM - 11:00 PM,السبت - الخميس: 09:00 ص - 11:00 م ,,,
24,4657,TAROUT,26.570353,50.066116,"Main Road, behind Riyadh Bank",تاروت الشارع العام مقابل بنك الرياض,Open,Open,مفتوح,Sat – Thu: 09:00 AM - 11:00 PM,السبت - الخميس: 09:00 ص - 11:00 م ,,,
25,4658,DAMMAM,26.397224,50.088326,42 St. infront of Girls College. Communication district,الدمام شارع الامير نايف (شارع 42 ) امام كليه البنات ,Open,Open,مفتوح,Sat – Thu: 09:00 AM - 11:00 PM,السبت - الخميس: 09:00 ص - 11:00 م ,,,
26,4659,AL KHOBAR,26.267801,50.197086,Mekkah St. beside STC CBO,الثقبه شارع مكه تقاطع 23,Open,Open,مفتوح,Sat – Thu: 09:00 AM - 11:00 PM,السبت - الخميس: 09:00 ص - 11:00 م ,,,
27,4660,SAFWA,26.644,49.9582,In front of First secondary school beside Zahraa stationery and 61 center,صفوى - مقابل متوسطه البنات بجانب مكتبة الزهراء ومركز 61,Open,Open,مفتوح,Sat – Thu: 09:00 AM - 11:00 PM,السبت - الخميس: 09:00 ص - 11:00 م ,,,
28,4661,SAIHAT,26.473236,50.04795,"King Abdulaziz Rd, Ghirnatah","غرناطة , طريق الملك عبد العزيز",Open,Open,مفتوح,Sat – Thu: 09:00 AM - 11:00 PM,السبت - الخميس: 09:00 ص - 11:00 م ,,,
29,4662,AL KHOBAR,26.201117,50.1949,Al Azizeyah district- Farm markets mall shop no.9,"العزيزيه , حي الخزامه اسواق المزرعه",Open,Open,مفتوح,Sat – Thu: 09:00 AM - 11:00 PM,السبت - الخميس: 09:00 ص - 11:00 م ,,,
30,4663,SAKAKA,29.991123,40.21189,El Souk district-King Fahd street beside Al Shabah for decoration, سكاكا حي السوق امتداد طريق الملك فهد,Open,Open,مفتوح,Sat – Thu: 09:00 AM - 11:00 PM,السبت - الخميس: 09:00 ص - 11:00 م ,,,
31,4664,AL QURAYYAT,31.327412,37.3563,40th st cross with 30th st. lead to main hospital,شارع 40 مع شارع 30,Open,Open,مفتوح,Sat – Thu: 09:00 AM - 11:00 PM,السبت - الخميس: 09:00 ص - 11:00 م ,,,
32,4665,TUBARJAL,30.501118,38.218506,Yarmouk st. or Etisalat str. Front of civilian force,طبرجل شارع اليرموك بالقرب من مكتب الاتصالات السعودية,Open,Open,مفتوح,Sat – Thu: 09:00 AM - 11:00 PM,السبت - الخميس: 09:00 ص - 11:00 م ,,,
33,4666,ARAR,30.988209,41.02358,King Abdulaziz Road,طريق الملك عبد العزيز,Open,Open,مفتوح,Sat – Thu: 09:00 AM - 11:00 PM,السبت - الخميس: 09:00 ص - 11:00 م ,,,
34,4667,HAIL,27.545414,41.697636,King Abdul Aziz Road,طريق الملك عبد العزيز,Open,Open,مفتوح,Sat – Thu: 09:00 AM - 11:00 PM,السبت - الخميس: 09:00 ص - 11:00 م ,,,
35,4668,TABUK,28.384686,36.57843,Mohamed bin Abdulwahab St. AL Khaldiah District,حي الخالدية طريق محمد بن عبد الوهاب,Open,Open,مفتوح,Sat – Thu: 09:00 AM - 11:00 PM,السبت - الخميس: 09:00 ص - 11:00 م ,,,
36,4669,ABHA,18.21315,42.503967,Omar Bin Abdul Aziz st.,البلد شارع عمر بن عبدالعزيز حي الخشع,Open,Open,مفتوح,Sat – Thu: 09:00 AM - 11:00 PM,السبت - الخميس: 09:00 ص - 11:00 م ,,,
37,4670,MUHAYIL,18.538733,42.05123,King Faisal Road (Abha Rd - Mahail Asir) Site in the main street next to communication market,طريق الملك فيصل بالقرب من سوق الاتصالات ,Open,Open,مفتوح,Sat – Thu: 09:00 AM - 11:00 PM,السبت - الخميس: 09:00 ص - 11:00 م ,,,
38,4671,AHAD RAFIDAH,18.180166,42.825832,Main road front of NCB Bank,احد رفيدة الشارع العام ,Open,Open,مفتوح,Sat – Thu: 09:00 AM - 11:00 PM,السبت - الخميس: 09:00 ص - 11:00 م ,,,
39,4672,SARAT ABIDAH,18.085,43.141335,Najran RD. Front of NCB,طريق نجران مقابل البنك الاهلي ,Open,Open,مفتوح,Sat – Thu: 09:00 AM - 11:00 PM,السبت - الخميس: 09:00 ص - 11:00 م ,,,
40,4673,NAJRAN,17.566517,44.32345,Aressah King Abdul Aziz RD infront of STC outlet,"طريق الملك عبد العزيز , مقابل مركز مبيعات  الاتصالات السعودية",Open,Open,مفتوح,Sat – Thu: 09:00 AM - 11:00 PM,السبت - الخميس: 09:00 ص - 11:00 م ,,,
41,4674,RIYADH,24.569298,46.661915,"Western ring road exit 25- Jarir Complex, Shobra District",حي شبرا الدائري الغربي مخرج 25 مجمع جرير,Open,Open,مفتوح,Sat – Thu: 09:00 AM - 11:00 PM,السبت - الخميس: 09:00 ص - 11:00 م ,,,
42,4675,KHAMIS MUSHAIT,18.316,42.6977,"Tayyib AL Ism district, AL Madina AL Monawarah st.","حي طيب اسم, شارع المدينة النورة",Open,Open,مفتوح,Sat – Thu: 09:00 AM - 11:00 PM,السبت - الخميس: 09:00 ص - 11:00 م ,,,
43,4676,JEDDAH,21.48175,39.24265,University mall,فرع الجامعة بجوار الجامعة موال بحي الجامعة امام فاكهة لبنان,Open,Open,مفتوح,Sat – Thu: 09:00 AM - 09:00 PM,السبت - الخميس: 09:00 ص - 09:00 م ,,,
44,4677,AL QUNFUDHAH,19.14171,41.082012,30 St. Al Khaldia district,القنفذه - شارع الثلاثين بحي الخالدية,Open,Open,مفتوح,Sat – Thu: 09:00 AM - 11:00 PM,السبت - الخميس: 09:00 ص - 11:00 م ,,,
45,4497,AL KHOBAR,26.284473,50.1941,Khobar Dhahran highway street (Mega),طريق الظهران الخبر,Open,Open,مفتوح,Sat – Thu: 08:30 AM - 11:00 PM,السبت - الخميس: 08:30 ص - 11:00 م ,,,
46,4498,DAMMAM,26.443316,50.096992,Dammam King Saud Road,ش الملك سعود,Open,Open,مفتوح,Sat – Thu: 08:30 AM - 11:00 PM,السبت - الخميس: 08:30 ص - 11:00 م ,,,
47,4499,AL HOFUF,25.390879,49.58204,"Hafouf, King Khaled st. ",ش الملك خالد,Open,Open,مفتوح,Sat – Thu: 08:30 AM - 11:00 PM,السبت - الخميس: 08:30 ص - 11:00 م ,,,
48,4500,AL QATIF,26.534817,50.02665,Al-Qudos St.,ش القدس,Open,Open,مفتوح,Sat – Thu: 08:30 AM - 11:00 PM,السبت - الخميس: 08:30 ص - 11:00 م ,,,
49,4501,DAMMAM,26.456484,50.128532,Al-Khalij St. Al-Shatee district,حي الشاطئ طريق الخليج,Open,Open,مفتوح,Sat – Thu: 08:30 AM - 11:00 PM,السبت - الخميس: 08:30 ص - 11:00 م ,,,
50,4502,HAFAR AL BATIN,28.428284,45.97545,AL-Wataniah Center beside AL-Belad Bank,مركز الوطنيه بجانب بنك البلاد,Open,Open,مفتوح,Sat – Thu: 08:30 AM - 11:00 PM,السبت - الخميس: 08:30 ص - 11:00 م ,,,
51,4503,AL HOFUF,25.354506,49.596,Gulf st.,ش الخليج,Open,Open,مفتوح,Sat – Thu: 08:30 AM - 11:00 PM,السبت - الخميس: 08:30 ص - 11:00 م ,,,
52,4504,DAMMAM,26.430931,50.078484,King Khaled Road,طريق الملك خالد,Open,Open,مفتوح,Sat – Thu: 08:30 AM - 11:00 PM,السبت - الخميس: 08:30 ص - 11:00 م ,,,
53,4505,DHAHRAN,26.3058,50.1698,Al Daharan Mall,الظهران مول,Open,Open,مفتوح,Sat – Thu: 09:00 AM - 11:00 PM,السبت - الخميس: 09:00 ص - 11:00 م ,,,
54,4506,DAMMAM,26.468876,49.79799,King Fahad International Airport,مطار الملك فهد الدولي,Open,Open,مفتوح,Sat – Thu: 24 Hour,السبت - الخميس: 24 ساعة,,,
55,4507,HAIL,28.428284,45.97545,King Abdulaziz Street,ش الملك عبد العزيز,Open,Open,مفتوح,Sat – Thu: 08:30 AM - 11:00 PM,السبت - الخميس: 08:30 ص - 11:00 م ,,,
56,4508,MEDINA,24.48855,39.580032,Sultana street,ش سلطانه,Open,Open,مفتوح,Sat – Thu: 08:30 AM - 11:00 PM,السبت - الخميس: 08:30 ص - 11:00 م ,,,
57,4509,TABUK,28.4001,36.564083,Prince Sultan Bin Abdulaziz Rd,طريق الامير سلطان بن عبدالعزيز,Open,Open,مفتوح,Sat – Thu: 08:30 AM - 11:00 PM,السبت - الخميس: 08:30 ص - 11:00 م ,,,
58,4510,MEDINA,24.465584,39.60972,"Madinah - Harram North, Shaza Al Madina Hotel","المدينة , شمال الحرم, فندق شذا المدينة",Open,Open,مفتوح,Sat – Thu: 24 Hour,السبت - الخميس: 24 ساعة,,,
59,4511,TABUK,28.42965,36.5733,Tabuk Park,مجمع تبوك بارك,Open,Open,مفتوح,Sat – Thu: 09:00 AM - 11:00 PM,السبت - الخميس: 09:00 ص - 11:00 م ,,,
60,4512,TABUK,28.394934,36.548466,Al Hukair Mall,الحكير مول,Open,Open,مفتوح,Sat – Thu: 09:00 AM - 11:00 PM,السبت - الخميس: 09:00 ص - 11:00 م ,,,
61,4513,YANBU,24.032984,38.193535,Dana Mall ,مول الدانا,Open,Open,مفتوح,Sat – Thu: 09:00 AM - 11:00 PM,السبت - الخميس: 09:00 ص - 11:00 م ,,,
62,4514,JAZAN,16.906668,42.546383,Jizan North / in front of kadi mall,"جازان , قريب من الكدني مول",Open,Open,مفتوح,Sat – Thu: 08:30 AM - 11:00 PM,السبت - الخميس: 08:30 ص - 11:00 م ,,,
63,4515,NAJRAN,17.54305,44.222034,Cross king Abdulaziz with king Saud street beside AL-Belad Bank,تقطع الملك عبد العزبز مع الملك سعود بجانب بنك البلاد,Open,Open,مفتوح,Sat – Thu: 08:30 AM - 11:00 PM,السبت - الخميس: 08:30 ص - 11:00 م ,,,
64,4516,KHAMIS MUSHAIT,18.3065,42.716934,King Fahad St. behind the Trident hotel,طريق الملك فهد خلف فندق ترايدنت,Open,Open,مفتوح,Sat – Thu: 08:30 AM - 11:00 PM,السبت - الخميس: 08:30 ص - 11:00 م ,,,
65,4517,ABHA,18.237368,42.580166,AL Rasheed Mall,مجمع الراشد,Open,Open,مفتوح,Sat – Thu: 09:00 AM - 11:00 PM,السبت - الخميس: 09:00 ص - 11:00 م ,,,
66,4518,ABHA,18.217684,42.513866,"King Faisal Road, mobily technical  building ","حي الشفاء , تقاطع الملك عبدالعزيز مقابل محطة نفط.",Open,Open,مفتوح,Sat – Thu: 08:30 AM - 11:00 PM,السبت - الخميس: 08:30 ص - 11:00 م ,,,
67,4519,JAZAN,16.901966,42.553635,AL Rasheed Mall,مجمع الراشد,Open,Open,مفتوح,Sat – Thu: 09:00 AM - 11:00 PM,السبت - الخميس: 09:00 ص - 11:00 م ,,,
68,4520,JEDDAH,21.515759,39.167492,Jeddah Al-Andalus center,مركز الاندلس,Open,Open,مفتوح,Sat – Thu: 08:30 AM - 11:00 PM,السبت - الخميس: 08:30 ص - 11:00 م ,,,
69,4521,MAKKAH AL-MUKARRAMAH,21.440983,39.800705,Al-Diafa Shopping Mall,الضيافه مول,Open,Open,مفتوح,Sat – Thu: 08:30 AM - 11:00 PM,السبت - الخميس: 08:30 ص - 11:00 م ,,,
70,4522,JEDDAH,21.53277,39.193783,Palestine street,ش فلسطين,Open,Open,مفتوح,Sat – Thu: 08:30 AM - 11:00 PM,السبت - الخميس: 08:30 ص - 11:00 م ,,,
71,4523,MAKKAH AL-MUKARRAMAH,21.411768,39.866203,Al-Aziziah,حي العزيزيه ,Open,Open,مفتوح,Sat – Thu: 08:30 AM - 11:00 PM,السبت - الخميس: 08:30 ص - 11:00 م ,,,
72,4524,TAIF,21.290869,40.403862,AL-Geash street in front  of SAMBA Bank,ش الجيش امام بنك سامبا,Open,Open,مفتوح,Sat – Thu: 08:30 AM - 11:00 PM,السبت - الخميس: 08:30 ص - 11:00 م ,,,
73,4525,JEDDAH,21.61171,39.11983,"King Abdulaziz Road ,AL Mohamadia Distract ",طريق الملك عبدالعزيز حي المحمدية,Open,Open,مفتوح,Sat – Thu: 08:30 AM - 11:00 PM,السبت - الخميس: 08:30 ص - 11:00 م ,,,
74,4526,MAKKAH AL-MUKARRAMAH,21.421232,39.822968,"Alharam Area, Dar AL Tawheed Hotel",جبل عمر محل رقم 201 الحرم,Open,Open,مفتوح,Sat – Thu: 24 Hour,السبت - الخميس: 24 ساعة,,,
75,4527,THUWAL,22.31075,39.1034,KAUST,جامعة الملك عبد الله للعلوم والتقنية,Open,Open,مفتوح,Sat – Thu: 09:00 AM - 04:00 PM,السبت - الخميس: 09:00 ص - 04:00 م ,,,
76,4528,JEDDAH,21.6329,39.1563,Mall of Arabia,مول العرب,Open,Open,مفتوح,Sat – Thu: 10:00 AM - 11:00 PM,السبت - الخميس: 10:00 ص - 11:00 م ,,,
77,4529,JEDDAH,21.593067,39.228634,Yasmin Mall,الياسمين مول,Open,Open,مفتوح,Sat – Thu: 09:00 AM - 11:00 PM,السبت - الخميس: 09:00 ص - 11:00 م ,,,
78,4481,RIYADH,24.735382,46.680832, King Abdullah road (Mega),طريق الملك عبدالله,Open,Open,مفتوح,Sat – Thu: 08:30 AM - 11:00 PM,السبت - الخميس: 08:30 ص - 11:00 م ,,,
79,4482,RIYADH,24.69585,46.679634,King Fahad road (Tawaren),طريق الملك فهد,Open,Open,مفتوح,Sat – Thu: 08:30 AM - 11:00 PM,السبت - الخميس: 08:30 ص - 11:00 م ,,,
80,4483,RIYADH,24.7814,46.72955,"Granada Mall, East highway ",غرناطة مول,Open,Open,مفتوح,Sat – Thu: 09:00 AM - 11:00 PM,السبت - الخميس: 09:00 ص - 11:00 م ,,,
81,4484,RIYADH,24.591133,46.62915,Badiah Madinah road,ش السويدي,Open,Open,مفتوح,Sat – Thu: 08:30 AM - 11:00 PM,السبت - الخميس: 08:30 ص - 11:00 م ,,,
82,4485,BURAYDAH,26.371782,43.937817,"Al-Eskan round about, beside the Othaim mall ",ش الاسكان بجانب العثيم مول,Open,Open,مفتوح,Sat – Thu: 08:30 AM - 11:00 PM,السبت - الخميس: 08:30 ص - 11:00 م ,,,
83,4486,RIYADH,24.642166,46.716934,Al-Bat'ha Main Street,ش البطحاء,Open,Open,مفتوح,Sat – Thu: 08:30 AM - 11:00 PM,السبت - الخميس: 08:30 ص - 11:00 م ,,,
84,4487,RIYADH,24.750168,46.764866,Eastern ring road Exit 11,مخرج 11 الدائري الشرقي,Open,Open,مفتوح,Sat – Thu: 08:30 AM - 11:00 PM,السبت - الخميس: 08:30 ص - 11:00 م ,,,
85,4488,RIYADH,24.791166,46.64815,Takasusi Street in front of Tamini Supermarket âAL Sahafah Districtâ,"شارع التخصصي, مقابل سوبر ماركت التميمي",Open,Open,مفتوح,Sat – Thu: 08:30 AM - 11:00 PM,السبت - الخميس: 08:30 ص - 11:00 م ,,,
86,4489,RIYADH,24.54395,46.6647,Dirab Rd. Al Shafa,"الشفا , طريق ديراب",Open,Open,مفتوح,Sat – Thu: 08:30 AM - 11:00 PM,السبت - الخميس: 08:30 ص - 11:00 م ,,,
87,4490,RIYADH,24.957783,46.698883,King Khalid International Airport Terminal 1 Arrival,"مطار الملك خالد , بوابة 1",Open,Open,مفتوح,Sat – Thu: 24 Hour,السبت - الخميس: 24 ساعة,,,
88,4491,RIYADH,24.7437,46.6578,Riyadh Gallery,الرياض جاليري,Open,Open,مفتوح,Sat – Thu: 09:00 AM - 11:00 PM,السبت - الخميس: 09:00 ص - 11:00 م ,,,
89,4492,RIYADH,24.774082,46.77617,AL Hamra Mall King Abdullah st.,"الحمراء مول, شارع الملك عبد الله",Open,Open,مفتوح,Sat – Thu: 09:00 AM - 11:00 PM,السبت - الخميس: 09:00 ص - 11:00 م ,,,
90,4493,RIYADH,24.6928,46.6699,Panorama Mall Tahlyah st.,"بانوراما مول, شارع التحلية",Open,Open,مفتوح,Sat – Thu: 09:00 AM - 11:00 PM,السبت - الخميس: 09:00 ص - 11:00 م ,,,
91,4494,RIYADH,24.600367,46.697033,"AL Qaser Mall, AL Swidi st.","القصر مول, شارع السويدي",Open,Open,مفتوح,Sat – Thu: 09:00 AM - 11:00 PM,السبت - الخميس: 09:00 ص - 11:00 م ,,,
92,4495,RIYADH,24.74325,46.6805,Hayat Mall King Abdullah st.,"حياة مول , شارع الملك عبد العزيز",Open,Open,مفتوح,Sat – Thu: 09:00 AM - 11:00 PM,السبت - الخميس: 09:00 ص - 11:00 م ,,,
93,4496,RIYADH,24.942034,46.7108,King Khaled Airport Terminal 5,"مطار الملك خالد , بوابة 5",Open,Open,مفتوح,Sat – Thu: 24 Hour,السبت - الخميس: 24 ساعة,,,
94,4530,MAKKAH AL-MUKARRAMAH,21.391,39.8842,Makkah Mall,مكة مول,Open,Open,مفتوح,Sat – Thu: 10:00 AM - 11:00 PM,السبت - الخميس: 10:00 ص - 11:00 م ,,,
95,4531,JEDDAH,21.687517,39.1434,KAIA North Terminal Arrival ,البوابة الشمالية,Open,Open,مفتوح,Sat – Thu: 24 Hour,السبت - الخميس: 24 ساعة,,,
96,4532,TAIF,21.277,40.4447,Jori Mall,جوري مول,Open,Open,مفتوح,Sat – Thu: 10:00 AM - 11:00 PM,السبت - الخميس: 10:00 ص - 11:00 م ,,,
97,4533,JEDDAH,21.5074,39.2184,Andalous Mall,الأندلس مول,Open,Open,مفتوح,Sat – Thu: 10:00 AM - 11:00 PM,السبت - الخميس: 10:00 ص - 11:00 م ,,,
98,4534,JEDDAH,21.661,39.173717,KAIA Terminal 1,"مطار جدة , مبنى 1",Open,Open,مفتوح,Sat – Thu: 24 Hour,السبت - الخميس: 24 ساعة,,,
99,4535,AL HOFUF,25.32851,49.549854,Ahsa Mall Arabian Centers,الاحساء مول,Open,Open,مفتوح,Sat – Thu: 09:00 AM - 11:00 PM,السبت - الخميس: 09:00 ص - 11:00 م ,,,
100,4536,AL HOFUF,25.400284,49.57778,Othaim Mall,العثيم مول,Open,Open,مفتوح,Sat – Thu: 09:30 AM - 11:00 PM,السبت - الخميس: 09:30 ص - 11:00 م ,,,
101,4537,RIYADH,24.646383,46.717216,Villaggio Mall Batha,فلامنجو مول,Open,Open,مفتوح,Sat – Thu: 09:00 AM - 11:00 PM,السبت - الخميس: 09:00 ص - 11:00 م ,,,
102,4538,MEDINA,24.495333,39.5959,AL Nour Mall,النور مول,Open,Open,مفتوح,Sat – Thu: 10:00 AM - 11:00 PM,السبت - الخميس: 10:00 ص - 11:00 م ,,,
103,4539,RIYADH,24.709732,46.67483,"Olaya, Mobily C4 Building ",العليا - مبنى موبايلي 4,Open,Open,مفتوح,Sat – Thu: 08:30 AM - 11:00 PM,السبت - الخميس: 08:30 ص - 11:00 م ,,,
104,4540,JEDDAH,21.57695,39.196667,Aziz Mall,عزيز مول,Open,Open,مفتوح,Sat – Thu: 09:00 AM - 11:00 PM,السبت - الخميس: 09:00 ص - 11:00 م ,,,
105,4541,BURAYDAH,26.32814,43.98993,"Al Basateen district, King Khaled street",حي البساتين طريق الملك خالد,Open,Open,مفتوح,Sat – Thu: 09:00 AM - 11:00 PM,السبت - الخميس: 09:00 ص - 11:00 م ,,,
106,4542,JEDDAH,21.621115,39.194836,Hera shopping center. Intersection of Hera St. & 40 St. Hera district,"مركز حراء للتسوق ,تقاطع شارع حراء مع شارع الأربعين",Open,Open,مفتوح,Sat – Thu: 09:00 AM - 11:00 PM,السبت - الخميس: 09:00 ص - 11:00 م ,,,
107,4543,AL BUKAYRIYAH,26.151093,43.6623,Al-Balad Market Place. Masjed Al-Omdah St. infront of Saudi Air Lines ,طريق السوق وسط البلد مقابل مكتب الخطوط الجوية السعودية,Open,Open,مفتوح,Sat – Thu: 09:00 AM - 11:00 PM,السبت - الخميس: 09:00 ص - 11:00 م ,,,
108,4544,AL-MUZAHMIYA,24.47184,46.269394,King Abdulaziz St. infront of Toyota dealership ,المزاحمية- طريق الملك عبدالعزيز- مقابل همس النجوم للاثاث والمفروشات,Open,Open,مفتوح,Sat – Thu: 09:00 AM - 11:00 PM,السبت - الخميس: 09:00 ص - 11:00 م ,,,
109,4545,RIYADH,24.539932,46.68985,"Al-Shifa district, Bin Tamim St. shop #12",حي الشفاء  ش ال الستين,Open,Open,مفتوح,Sat – Thu: 09:00 AM - 11:00 PM,السبت - الخميس: 09:00 ص - 11:00 م ,,,
110,4546,MEDINA,24.51816,39.568893,Al Jurf â Prince Naif bin Abdul Aziz street ,الجرف طريق الامير نايف بن عبد العزيز,Open,Open,مفتوح,Sat – Thu: 09:00 AM - 11:00 PM,السبت - الخميس: 09:00 ص - 11:00 م ,,,
111,4547,HAQL,29.283901,34.94867,30 St. infront of STC (Al-Hateef). Al-Zahra District,شارع الثلاثين مجمع الزهرة التجاري,Open,Open,مفتوح,Sat – Thu: 09:00 AM - 11:00 PM,السبت - الخميس: 09:00 ص - 11:00 م ,,,
112,4548,ALULA,26.614313,37.922043,"El-Souk St., Al-Shamel center","شارع السوق , مركز الشامل",Open,Open,مفتوح,Sat – Thu: 09:00 AM - 11:00 PM,السبت - الخميس: 09:00 ص - 11:00 م ,,,
113,4549,MEDINA,24.478024,39.586906,"Al-Saba'a Masajed St. (Telecom Market), Al-Nahas pharmacy","شارع المساجد السبعة , صيدلية النحاس",Open,Open,مفتوح,Sat – Thu: 09:00 AM - 11:00 PM,السبت - الخميس: 09:00 ص - 11:00 م ,,,
114,4550,ABHA,18.215,42.5158,Restaurants st in front of AL-A'ta pharmacy ,شارع المطاعم ,Open,Open,مفتوح,Sat – Thu: 09:00 AM - 11:00 PM,السبت - الخميس: 09:00 ص - 11:00 م ,,,
115,4551,BALQARN,19.56395,41.95635,Main market for mobiles in the area (Al'Alayah Plaza) next to Bogshan Market,سوق الاتصالات الرئيسي بسبت العلايا - مبنى العلايا بلازا بعد اسواق بقشان  ,Open,Open,مفتوح,Sat – Thu: 09:00 AM - 11:00 PM,السبت - الخميس: 09:00 ص - 11:00 م ,,,
116,4552,JAZAN,16.9023,42.5565,"Rawda district, Saudi Arabian Airlines St. (Banks St.) infront of STC Outlet & Al-Hazmi air shipment services",حي الروضة,Open,Open,مفتوح,Sat – Thu: 09:00 AM - 11:00 PM,السبت - الخميس: 09:00 ص - 11:00 م ,,,
117,4553,WADI IBN HASHBAL,18.586918,42.69575,Main Rd. beside the Rajhi bank,الشارع العام مقابل مجمع النورس بجوار مصرف الراجحي,Open,Open,مفتوح,Sat – Thu: 09:00 AM - 11:00 PM,السبت - الخميس: 09:00 ص - 11:00 م ,,,
118,4554,JEDDAH,21.559584,39.184944,"Al-Serafi Mall, Tahlia St.",الصيرفي مول - شارع التحلية تقاطع شارع الستين ,Open,Open,مفتوح,Sat – Thu: 09:00 AM - 11:00 PM,السبت - الخميس: 09:00 ص - 11:00 م ,,,
119,4555,JEDDAH,21.438784,39.25337,Al-Heraj,دوار المعارض الحراج حي الوزيريه بجانب الاستاذ الرياضي,Open,Open,مفتوح,Sat – Thu: 09:00 AM - 11:00 PM,السبت - الخميس: 09:00 ص - 11:00 م ,,,
120,4556,JEDDAH,21.42732,39.29817,Prince Fawaz  ,جدة - مشروع الأمير فواز ,Open,Open,مفتوح,Sat – Thu: 09:00 AM - 11:00 PM,السبت - الخميس: 09:00 ص - 11:00 م ,,,
121,4557,TAIF,21.255142,40.410217,shehaar st. altaif mall,شارع شهار العام مجمع الطائف مول بجانب بنك الجزيرة,Open,Open,مفتوح,Sat – Thu: 09:00 AM - 11:00 PM,السبت - الخميس: 09:00 ص - 11:00 م ,,,
122,4558,JEDDAH,21.559395,39.135735,Al Khaldia St.  in front of Saudi Airlines Headquarter,"طريق الخالدية , مقابل مبنى الطيران السعودي الرئيسي",Open,Open,مفتوح,Sat – Thu: 09:00 AM - 11:00 PM,السبت - الخميس: 09:00 ص - 11:00 م ,,,
123,4559,MAKKAH AL-MUKARRAMAH,21.428396,39.806362,"Al-Mansour St. Al-Anakah shopping complex, Shop # 20 ",شارع المنصور - مركز  الأناقه للتسوق ,Open,Open,مفتوح,Sat – Thu: 09:00 AM - 11:00 PM,السبت - الخميس: 09:00 ص - 11:00 م ,,,
124,4560,JEDDAH,21.74325,39.19097,"Al Hamadania , Beside KFC",الحمدانية بجانب كنتاكي,Open,Open,مفتوح,Sat – Thu: 09:00 AM - 11:00 PM,السبت - الخميس: 09:00 ص - 11:00 م ,,,
125,4561,JEDDAH,21.589693,39.1314,Zahra District â front Al Shateâe Mall,"حي الزهراء , مقابل مول الشاطئ",Open,Open,مفتوح,Sat – Thu: 09:00 AM - 11:00 PM,السبت - الخميس: 09:00 ص - 11:00 م ,,,
126,4562,MAKKAH AL-MUKARRAMAH,21.546164,39.777138,"Al Nowariya, MakkahâMadina Road","النوارية , شارع مكة - المدينة",Open,Open,مفتوح,Sat – Thu: 09:00 AM - 11:00 PM,السبت - الخميس: 09:00 ص - 11:00 م ,,,
127,4563,MAKKAH AL-MUKARRAMAH,21.462814,39.953583,"Al Sharaeâe âÂ  Al Mubashirin, Al-Rashidiyyah ",الرشيدية ,Open,Open,مفتوح,Sat – Thu: 09:00 AM - 11:00 PM,السبت - الخميس: 09:00 ص - 11:00 م ,,,
128,4564,TABUK,28.403667,36.538082,King Abdulaziz rd. infront of Central Market,طريق الملك عبد العزيز مقابل السوق المركزي,Open,Open,مفتوح,Sat – Thu: 09:00 AM - 11:00 PM,السبت - الخميس: 09:00 ص - 11:00 م ,,,
129,4565,TAIF,21.362679,40.457035,Airport Road,طريق المطار,Open,Open,مفتوح,Sat – Thu: 09:00 AM - 11:00 PM,السبت - الخميس: 09:00 ص - 11:00 م ,,,
130,4566,TURBAH,21.219542,41.635414,Main st. social security building,"الطريق الرئيسي , بناية الامن العام",Open,Open,مفتوح,Sat – Thu: 09:00 AM - 11:00 PM,السبت - الخميس: 09:00 ص - 11:00 م ,,,
131,4567,RABIGH,22.798,39.032223,Al-Souk District. Main st. Al-Bayan Mall,"حي السوق , الشارع الرئيسي , مول البيان",Open,Open,مفتوح,Sat – Thu: 09:00 AM - 11:00 PM,السبت - الخميس: 09:00 ص - 11:00 م ,,,
132,4568,JEDDAH,21.4593,39.251034,"Madaen AL Fahad district, beside Zain",حي مدائن فهد بجانب زين,Open,Open,مفتوح,Sat – Thu: 09:00 AM - 11:00 PM,السبت - الخميس: 09:00 ص - 11:00 م ,,,
133,4569,DUBA,27.353024,35.688644,"Beside, Markaz Shahed Computers,Al Sinaiyah, Near Bank Al Rajhi-Shop Name: Markaz Electroniat 2",بجوار مركز شهد للكمبيوتر الصناعية بجوار بنك الراجحي  ضباء,Open,Open,مفتوح,Sat – Thu: 09:00 AM - 11:00 PM,السبت - الخميس: 09:00 ص - 11:00 م ,,,
134,4570,DAMMAM,26.415735,50.11589,Fatamah Al-Zahraa St. Abdullah Fouad district. Infront of Baskin Robins,"شارع فاطمه الزهراء , حي عبد الله فؤاد بجوار باسكن روبنز ",Open,Open,مفتوح,Sat – Thu: 09:00 AM - 11:00 PM,السبت - الخميس: 09:00 ص - 11:00 م ,,,
135,4571,AL JUBAIL,27.016083,49.65414,Northern King Faisal St. Asaiki Center,شارع الملك فيصل مجمع الشايقي للاتصالات ,Open,Open,مفتوح,Sat – Thu: 09:00 AM - 11:00 PM,السبت - الخميس: 09:00 ص - 11:00 م ,,,
136,4572,AL KHOBAR,26.281221,50.192528,Intersection of Mekkah St & 10 St. beside STC,الثقبه تقاطع شارع مكة وشارع 10 ,Open,Open,مفتوح,Sat – Thu: 09:00 AM - 11:00 PM,السبت - الخميس: 09:00 ص - 11:00 م ,,,
137,4573,AL HOFUF,25.340883,49.585285,Al-Khaldia District's Main St. beside House Of Donuts,"الخالديه , الشارع الرئيسي بجوار بيت الدونات",Open,Open,مفتوح,Sat – Thu: 09:00 AM - 11:00 PM,السبت - الخميس: 09:00 ص - 11:00 م ,,,
138,4574,AL OYUN,25.599451,49.561268,Al-eyoon main road,العيون الطريق العام,Open,Open,مفتوح,Sat – Thu: 09:00 AM - 11:00 PM,السبت - الخميس: 09:00 ص - 11:00 م ,,,
139,4575,YANBU,24.0766,38.098297,King Abdul Aziz St. beside Al-Majed Sporting Club,ينبع البحر,Open,Open,مفتوح,Sat – Thu: 09:00 AM - 11:00 PM,السبت - الخميس: 09:00 ص - 11:00 م ,,,
140,4576,RIYADH,24.565384,46.684116,Al Shefa St.,شارع الشفا الرئيسي,Open,Open,مفتوح,Sat – Thu: 09:00 AM - 11:00 PM,السبت - الخميس: 09:00 ص - 11:00 م ,,,
141,4577,RIYADH,24.77895,46.6287,Al-Baher Al-Motawast St. â Al-Akek District,العقيق - شارع البحر المتوسط,Open,Open,مفتوح,Sat – Thu: 09:00 AM - 11:00 PM,السبت - الخميس: 09:00 ص - 11:00 م ,,,
142,4578,AL MAJMA'AH,25.918,45.364616,King Abdulaziz St.,طريق الملك عبد العزيز,Open,Open,مفتوح,Sat – Thu: 09:00 AM - 11:00 PM,السبت - الخميس: 09:00 ص - 11:00 م ,,,
143,4579,RIYADH,24.630833,46.5625,Western ring road exit 33,"الطريق الدائري الغربي , مخرج 33",Open,Open,مفتوح,Sat – Thu: 09:00 AM - 11:00 PM,السبت - الخميس: 09:00 ص - 11:00 م ,,,
144,4580,RIYADH,24.79305,46.86857,"Alharith Bin A bdullah St, Al Nadwa Distr.","حي الندوة , شارع الحارثي",Open,Open,مفتوح,Sat – Thu: 09:00 AM - 11:00 PM,السبت - الخميس: 09:00 ص - 11:00 م ,,,
145,4581,RIYADH,24.68905,46.7648,"Rabwa District, Prince Moteb Bin Abdul Aziz ~ EXIT 14","حي الربوه, شارع الامير متعب بن عبد العزيز , مخرج 14",Open,Open,مفتوح,Sat – Thu: 09:00 AM - 11:00 PM,السبت - الخميس: 09:00 ص - 11:00 م ,,,
146,4582,RIYADH,24.743032,46.844166,Abu Al Aswad Alduali st. â in front of Al Mutekhasis Hospital ,"شارع ابو الاسود الدولاسي, مقابل مشستشفى المتخصص",Open,Open,مفتوح,Sat – Thu: 09:00 AM - 11:00 PM,السبت - الخميس: 09:00 ص - 11:00 م ,,,
147,4583,RIYADH,24.810633,46.62395,Al-Sahafa Dist Al-Sadhan hyper Market Ans Bin Malek St.,حي الصحافة طريق القصيم مجمع اسواق السدحان,Open,Open,مفتوح,Sat – Thu: 09:00 AM - 11:00 PM,السبت - الخميس: 09:00 ص - 11:00 م ,,,
148,4584,RIYADH,24.597183,46.772934,AL-Azizah district Main street ,"حي العزيزية , الشارع الرئيسي",Open,Open,مفتوح,Sat – Thu: 09:00 AM - 11:00 PM,السبت - الخميس: 09:00 ص - 11:00 م ,,,
149,4585,DHAHRAN,26.324135,50.165703,"Al-Doha district, Abdulah Ibin Al-Abas in front of Al-Rajhi bank. Al-Doha shopping Plaza",الظهران - حي الدوحه - شارع عبدالله بن العباس بجانب البنك الأهلي التجاري ,Open,Open,مفتوح,Sat – Thu: 09:00 AM - 11:00 PM,السبت - الخميس: 09:00 ص - 11:00 م ,,,
150,4586,AL MUBARRAZ,25.434622,49.571674,Zahran Rd. in front of Jarir book store,شارع الظهران مقابل البنك الاهلي,Open,Open,مفتوح,Sat – Thu: 09:00 AM - 11:00 PM,السبت - الخميس: 09:00 ص - 11:00 م ,,,
151,4587,AL MUBARRAZ,25.4508,49.593636,"Prince Talal St, Al Nuzha","النزهة, شارع الامير طلال",Open,Open,مفتوح,Sat – Thu: 09:00 AM - 11:00 PM,السبت - الخميس: 09:00 ص - 11:00 م ,,,
152,4588,AL HOFUF,25.39468,49.56035,Salam District â Shop# 5,حي السلام,Open,Open,مفتوح,Sat – Thu: 09:00 AM - 11:00 PM,السبت - الخميس: 09:00 ص - 11:00 م ,,,
153,4589,BAQAA,27.905638,42.38714,Baq'a Main street.Infront of Baq'a traffic station,بقعاء الشارع العام- امام مركز مرور بقعاء,Open,Open,مفتوح,Sat – Thu: 09:00 AM - 11:00 PM,السبت - الخميس: 09:00 ص - 11:00 م ,,,
154,4590,YANBU,24.087112,38.056763,Abu Baker Al Sedeeq St,ينبع - طريق أبو بكر الصديق ,Open,Open,مفتوح,Sat – Thu: 09:00 AM - 11:00 PM,السبت - الخميس: 09:00 ص - 11:00 م ,,,
155,4591,MAHD AL THAHAB,23.5036,40.88693,Main St. in front of Al-Rajhi,مهد الذهب - الشارع العام - أمام بنك الراجحي,Open,Open,مفتوح,Sat – Thu: 09:00 AM - 11:00 PM,السبت - الخميس: 09:00 ص - 11:00 م ,,,
156,4592,KHAYBAR,25.691431,39.29503,Main Rd. near STC outlet,خيبر - الطريق العام,Open,Open,مفتوح,Sat – Thu: 09:00 AM - 11:00 PM,السبت - الخميس: 09:00 ص - 11:00 م ,,,
157,4593,AL WAJH,26.232933,36.45748,Al-Wajih hospital St. Infront of Al-Wajih Hospital,الوجه,Open,Open,مفتوح,Sat – Thu: 09:00 AM - 11:00 PM,السبت - الخميس: 09:00 ص - 11:00 م ,,,
158,4594,MEDINA,24.485537,39.606678,The 3rd ring road cross Al Oyoon road,المدينه طريق العيون,Open,Open,مفتوح,Sat – Thu: 09:00 AM - 11:00 PM,السبت - الخميس: 09:00 ص - 11:00 م ,,,
159,4595,MEDINA,24.42576,39.583847,"Prince Sultan Ibn Abdulaziz, AlÂ Hijra","الهجرة ,شارع الامير سلطان بن عبد العزيز",Open,Open,مفتوح,Sat – Thu: 09:00 AM - 11:00 PM,السبت - الخميس: 09:00 ص - 11:00 م ,,,
160,4596,BISHA,20.008167,42.60965,Al-Salam center infront of king Abdullah Secondary school. Corner of Al-Hizam st. & Baladia st.,"مركز السلام , مقابل مدرسة الملك عبد الله المتوسطة , على زاوية شارع الحزام و شارع البلدية",Open,Open,مفتوح,Sat – Thu: 09:00 AM - 11:00 PM,السبت - الخميس: 09:00 ص - 11:00 م ,,,
161,4597,DHAHRAN AL JANUB,17.659834,43.51795,Main St. infront of Alahwal Almadaneyah,"الشارع الرئيسي , مقابل الاحوال المدنية",Open,Open,مفتوح,Sat – Thu: 09:00 AM - 11:00 PM,السبت - الخميس: 09:00 ص - 11:00 م ,,,
162,4598,JEDDAH,21.484867,39.2215,Bakhashab St.,شارع باخشب حى الفيحاء - جدة,Open,Open,مفتوح,Sat – Thu: 09:00 AM - 11:00 PM,السبت - الخميس: 09:00 ص - 11:00 م ,,,
163,4599,JEDDAH,21.618868,39.1661,"King Fahd (Al Seteen) Road, Nuzhah District","حي النزهة , شارع الملك فهد",Open,Open,مفتوح,Sat – Thu: 09:00 AM - 11:00 PM,السبت - الخميس: 09:00 ص - 11:00 م ,,,
164,4600,TAIF,21.26354,40.457798,King Khalid Road - Opposite of STC & Zain,"طريق الملك خالد , مقابل الاتصالات السعودية و زين",Open,Open,مفتوح,Sat – Thu: 09:00 AM - 11:00 PM,السبت - الخميس: 09:00 ص - 11:00 م ,,,
165,4601,RIYADH,24.664734,46.682316,"AL Mathar district, Takasusi st. Al Mathar square",حي المعذر طريق التخصصي مربع المعذر,Open,Open,مفتوح,Sat – Thu: 09:00 AM - 11:00 PM,السبت - الخميس: 09:00 ص - 11:00 م ,,,
166,4602,RIYADH,24.664839,46.747795,Salah ALDien St corss Ali Bin Abitaleb St AL-Malz Distrect,الملز - طريق صلاح الدين بجوار الحداد للهواتف,Open,Open,مفتوح,Sat – Thu: 09:00 AM - 11:00 PM,السبت - الخميس: 09:00 ص - 11:00 م ,,,
167,4603,SHAQRA,25.237122,45.247597,Intersection of King Abdullah & King Saud street beside Al-Belad Bank,مدينة شقراء تقاطع شارع الملك عبدالله مع شارع الملك سعود,Open,Open,مفتوح,Sat – Thu: 09:00 AM - 11:00 PM,السبت - الخميس: 09:00 ص - 11:00 م ,,,
168,4604,RIYADH,24.629639,46.737656,"Exit 17 Raghadan, Al-Senaya","مخرج 17 , رغدان , السناية",Open,Open,مفتوح,Sat – Thu: 09:00 AM - 11:00 PM,السبت - الخميس: 09:00 ص - 11:00 م ,,,
169,4605,RIYADH,24.604435,46.732815,Al Mansourah Al Hamara PlazaÂ  â Shop# 25,"المنصورة , الحمرا بلازا",Open,Open,مفتوح,Sat – Thu: 09:00 AM - 11:00 PM,السبت - الخميس: 09:00 ص - 11:00 م ,,,
170,4606,RIYADH,24.665176,46.708607,"Al Dabab Center  beside Al Enma`a Bank  , in fron of BMW Dealer","الضباب, بجانب بنك الانماء",Open,Open,مفتوح,Sat – Thu: 09:00 AM - 11:00 PM,السبت - الخميس: 09:00 ص - 11:00 م ,,,
171,4607,RIYADH,24.81689,46.892574,"Al-Nazeem district, Al-Taroth St. in front of Al-Nazeem Elementary School for Boys",حي النسيم طريق مقابل مدرسة النسيم للبنين,Open,Open,مفتوح,Sat – Thu: 09:00 AM - 11:00 PM,السبت - الخميس: 09:00 ص - 11:00 م ,,,
172,4608,HOWTAT BANI TAMIM,23.488451,46.868046,Al-Islamiyah district. Al-Mohamadia St. ,"حي الاسلامية , شارع المحمدية",Open,Open,مفتوح,Sat – Thu: 09:00 AM - 11:00 PM,السبت - الخميس: 09:00 ص - 11:00 م ,,,
173,4609,AS SULAYYIL,20.461235,45.58328,"Al-Mohamed district, infront of Al-Sulayyil governorate building","حي المحمد , مقابل مبنى السليل الحكومي",Open,Open,مفتوح,Sat – Thu: 09:00 AM - 11:00 PM,السبت - الخميس: 09:00 ص - 11:00 م ,,,
174,4610,DAMMAM,26.411196,50.033463,91 Dist in front of Toyota Co.,مخطط 91 مقابل تويوتا شارع التجاري بحي احد مقابل حي بدر,Open,Open,مفتوح,Sat – Thu: 09:00 AM - 11:00 PM,السبت - الخميس: 09:00 ص - 11:00 م ,,,
175,4611,UMLUJ,25.037216,37.261417,Main St. between Al Rajhi Bank and Riyadh Bank,أملج,Open,Open,مفتوح,Sat – Thu: 09:00 AM - 11:00 PM,السبت - الخميس: 09:00 ص - 11:00 م ,,,
176,4612,TAYMA,27.630056,38.549305,"King Abdulaziz street, opposite Rajhi bank, beside Dubai for communication",شارع الملك عبدالعزيز مفابل بنك الراجحي,Open,Open,مفتوح,Sat – Thu: 09:00 AM - 11:00 PM,السبت - الخميس: 09:00 ص - 11:00 م ,,,
177,4613,TABUK,28.384836,36.578102,"Airport RD. beside the Moroj hotel, Saudi Holandi bank & I2 retail shop",شارع المطار بجانب فندق المروج والبنك الهولندي,Open,Open,مفتوح,Sat – Thu: 09:00 AM - 11:00 PM,السبت - الخميس: 09:00 ص - 11:00 م ,,,
178,4614,MEDINA,24.475368,39.64698,Prince Mohammed Bin Abdul Aziz st.,شارع الامير محمد بن عبد العزيز,Open,Open,مفتوح,Sat – Thu: 09:00 AM - 11:00 PM,السبت - الخميس: 09:00 ص - 11:00 م ,,,
179,4615,MEDINA,24.455475,39.544006,Al-Azizyah Mall,المدينة المنورة - العزيزية مول,Open,Open,مفتوح,Sat – Thu: 09:00 AM - 11:00 PM,السبت - الخميس: 09:00 ص - 11:00 م ,,,
180,4616,TABUK,28.423018,36.571423,"District Al Mroruj , Beside NCB & Front of Bazai Mosque",حي المروج مقابل مسجد بازاي,Open,Open,مفتوح,Sat – Thu: 09:00 AM - 11:00 PM,السبت - الخميس: 09:00 ص - 11:00 م ,,,
181,4617,KHAMIS MUSHAIT,18.300367,42.722816," Al Khaldyah District- 30 street, - Mobiles Market - near Al Rajhi bank and Dar Al Safwah telecommunication shop.",الخميس الخالدية شارع الثلاثين,Open,Open,مفتوح,Sat – Thu: 09:00 AM - 11:00 PM,السبت - الخميس: 09:00 ص - 11:00 م ,,,
182,4618,JEDDAH,21.576366,39.219334,Um el Qurah street,شارع ام القرى - حى الصفا جدة,Open,Open,مفتوح,Sat – Thu: 09:00 AM - 11:00 PM,السبت - الخميس: 09:00 ص - 11:00 م ,,,
183,4619,ABHA,18.2407,42.57543,"Abha, Khamis high way (Al-Othaim Mall)",طريق ابها - الخميس العام . العثيم مول مقابل صناعيه ابها ,Open,Open,مفتوح,Sat – Thu: 09:00 AM - 11:00 PM,السبت - الخميس: 09:00 ص - 11:00 م ,,,
184,4620,TANOMAH,18.932318,42.18955,Main St (Abha RD.) beside Al-Salamah Plaza,طريق ابهاالرئيسي بجوار السلام بلازا ,Open,Open,مفتوح,Sat – Thu: 09:00 AM - 11:00 PM,السبت - الخميس: 09:00 ص - 11:00 م ,,,
185,4621,DAMAD,17.10175,42.782417,Main St. Damad market place beside Damad super market,شارع السوق بجوار سوبرماركت ضمد,Open,Open,مفتوح,Sat – Thu: 09:00 AM - 11:00 PM,السبت - الخميس: 09:00 ص - 11:00 م ,,,
186,4622,BARIQ,18.934654,41.945618,Main St. (Jeddah RD.) beside Al-Badriah Super Market,طريق جده ,Open,Open,مفتوح,Sat – Thu: 09:00 AM - 11:00 PM,السبت - الخميس: 09:00 ص - 11:00 م ,,,
187,4623,KHAMIS MUSHAIT,18.306583,42.730667,Khamis Mushait - king Fahad St. â city center,"خميس مشيط , شارع الملك فهد , مركز المدينة",Open,Open,مفتوح,Sat – Thu: 09:00 AM - 11:00 PM,السبت - الخميس: 09:00 ص - 11:00 م ,,,
188,4624,SAMTAH,16.5993,42.93745,Mobile Market street beside the mosque,شارع سوق الموبايل بجانب المسجد,Open,Open,مفتوح,Sat – Thu: 09:00 AM - 11:00 PM,السبت - الخميس: 09:00 ص - 11:00 م ,,,
189,4625,BALJURASHI,19.85665,41.580082,JANOUB ROAD,طريق الجنوب,Open,Open,مفتوح,Sat – Thu: 09:00 AM - 11:00 PM,السبت - الخميس: 09:00 ص - 11:00 م ,,,
190,4626,JEDDAH,21.447567,39.300774,"South Jeddah, 14 Km St. beside STC CBO",كيلو 14 طريق مكه القديم,Open,Open,مفتوح,Sat – Thu: 09:00 AM - 11:00 PM,السبت - الخميس: 09:00 ص - 11:00 م ,,,
191,4627,JEDDAH,21.546082,39.196037,Solider mall beside the shourok shopping complex. Meshrafa district. Intersection Grenada St. & makarona St.,سوليدر مول تقاطع شارع المكرونة مع غرناطة\ حى مشرفة - جدة,Open,Open,مفتوح,Sat – Thu: 09:00 AM - 11:00 PM,السبت - الخميس: 09:00 ص - 11:00 م ,,,
192,4628,JEDDAH,21.517555,39.18925, Al-Touba St. Al-Sharafya district,حي الشرفية -شارع التوبة ,Open,Open,مفتوح,Sat – Thu: 09:00 AM - 11:00 PM,السبت - الخميس: 09:00 ص - 11:00 م ,,,
193,4629,JEDDAH,21.571295,39.14276,"Prince Sultan St. Al-Khaldia District, beside SAAB",شارع الامير سلطان,Open,Open,مفتوح,Sat – Thu: 09:00 AM - 11:00 PM,السبت - الخميس: 09:00 ص - 11:00 م ,,,
194,4630,JEDDAH,21.50945,39.2473,Sulimanyah ,"حي السلمانية , امام السلمانية مول",Open,Open,مفتوح,Sat – Thu: 09:00 AM - 11:00 PM,السبت - الخميس: 09:00 ص - 11:00 م ,,,
195,4631,JEDDAH,21.62702,39.111458,King Abdulaziz RD. Red Sea Mall,"طريق الملك عبدالعزيز , رد سي مول",Open,Open,مفتوح,Sat – Thu: 09:00 AM - 11:00 PM,السبت - الخميس: 09:00 ص - 11:00 م ,,,
196,4632,JEDDAH,21.598194,39.161972,"Quraysh, Al Bawadi District","حي البوادي, قريش",Open,Open,مفتوح,Sat – Thu: 09:00 AM - 11:00 PM,السبت - الخميس: 09:00 ص - 11:00 م ,,,
197,4633,JEDDAH,21.591743,39.18586,Al  Rabwa Area,منطقة الربوة,Open,Open,مفتوح,Sat – Thu: 09:00 AM - 11:00 PM,السبت - الخميس: 09:00 ص - 11:00 م ,,,
198,4678,JEDDAH,21.596268,39.222816,Al-Safa district west of the Jeddah Mekkah high way.,حي الصفا بجوار طريق الحرمين بعد مستوصف الظافر,Open,Open,مفتوح,Sat – Thu: 09:00 AM - 11:00 PM,السبت - الخميس: 09:00 ص - 11:00 م ,,,
199,4679,AL-JUMUM,21.613132,39.70093,"Central city, next to STC",الجموم الشارع العام ,Open,Open,مفتوح,Sat – Thu: 09:00 AM - 11:00 PM,السبت - الخميس: 09:00 ص - 11:00 م ,,,
200,4680,AL LITH,20.14954,40.279633,"Al Balad Area, Central Market",الليث - البلد - مركز المدينة,Open,Open,مفتوح,Sat – Thu: 09:00 AM - 11:00 PM,السبت - الخميس: 09:00 ص - 11:00 م ,,,
201,4681,MAKKAH AL-MUKARRAMAH,21.477274,39.79171,Bohyrat district,حي البحيرات,Open,Open,مفتوح,Sat – Thu: 09:00 AM - 11:00 PM,السبت - الخميس: 09:00 ص - 11:00 م ,,,
202,4682,RIYADH,24.574404,46.662895,"AL Nokba Center ""Badiea""",مركز النخب,Open,Open,مفتوح,Sat – Thu: 09:00 AM - 11:00 PM,السبت - الخميس: 09:00 ص - 11:00 م ,,,
203,4683,RIYADH,24.683872,46.791107,"Exit 15. Al-Salamah district, Abdul Rahman Bin Saad St",مخرج 15 طريق ال 100 بجوار شركة السلام,Open,Open,مفتوح,Sat – Thu: 09:00 AM - 11:00 PM,السبت - الخميس: 09:00 ص - 11:00 م ,,,
204,4684,RIYADH,24.646301,46.707302,Prince Abdullah bin Galway ST. from ALWashem ST.- in front of ALwatan Garden- Al-Morrabaa District â Shop NO 5,حي المربع طريق الملك فهد بجانب الأحوال المدنيه,Open,Open,مفتوح,Sat – Thu: 09:00 AM - 11:00 PM,السبت - الخميس: 09:00 ص - 11:00 م ,,,
205,4685,AL-KHARJ,24.166122,47.337246,"Al-Fursan District, King Fahad RD.",الخرج- طريق الملك فهد- بجوار هايبرد بنده,Open,Open,مفتوح,Sat – Thu: 09:00 AM - 11:00 PM,السبت - الخميس: 09:00 ص - 11:00 م ,,,
206,4686,AL-KHARJ,24.14569,47.29956,"King Saud Rd, Al Aziziyyah","العزيزية, شارع الملك سعود",Open,Open,مفتوح,Sat – Thu: 09:00 AM - 11:00 PM,السبت - الخميس: 09:00 ص - 11:00 م ,,,
207,4687,HAIL,27.479404,41.66001,Prince saud bin Abdullmohsin St.,شارع الامير سعود ابن عبد المحسن,Open,Open,مفتوح,Sat – Thu: 09:00 AM - 11:00 PM,السبت - الخميس: 09:00 ص - 11:00 م ,,,
208,4688,AL KHOBAR,26.29135,50.213547,King Fahad street,الخبر - شارع الملك فهد تقاطع 13,Open,Open,مفتوح,Sat – Thu: 09:00 AM - 11:00 PM,السبت - الخميس: 09:00 ص - 11:00 م ,,,
209,4689,HAFAR AL BATIN,28.4081,45.96815,Alsafwa center,حفرالباطن  مجمع الصفوه,Open,Open,مفتوح,Sat – Thu: 09:00 AM - 11:00 PM,السبت - الخميس: 09:00 ص - 11:00 م ,,,
210,4690,AL QATIF,26.55621,50.012913,Alqudus St. ,  القطيف شارع القدس مقابل معرض متسوبيشي للسيارات,Open,Open,مفتوح,Sat – Thu: 09:00 AM - 11:00 PM,السبت - الخميس: 09:00 ص - 11:00 م ,,,
211,4691,AL HOFUF,25.369135,49.58702,Alsouk St.,شارع السويق مقابل بنك الانماء ,Open,Open,مفتوح,Sat – Thu: 09:00 AM - 11:00 PM,السبت - الخميس: 09:00 ص - 11:00 م ,,,
212,4692,AL HOFUF,25.435667,49.654,"Al-Helilah district, main St. in front of the City's Girls School","الحليله ,شارع الحليله الكلابيه العام مقابل مدارس البنات",Open,Open,مفتوح,Sat – Thu: 09:00 AM - 11:00 PM,السبت - الخميس: 09:00 ص - 11:00 م ,,,
213,4751,KHAMIS MUSHAIT,18.284508,42.72945,King faisal street,طريق الملك فيصل مقابل مركز شبرا للتسوق,Open,Open,مفتوح,Sat – Thu: 09:00 AM - 11:00 PM,السبت - الخميس: 09:00 ص - 11:00 م ,,,
214,4752,KHAMIS MUSHAIT,18.250168,42.789284,Air Force base St.,طريق القاعدة الجويه مقابل بوابه القاعده الجويه  ,Open,Open,مفتوح,Sat – Thu: 09:00 AM - 11:00 PM,السبت - الخميس: 09:00 ص - 11:00 م ,,,
215,4753,RIYADH,24.666267,46.725033,Mahad Al Edarah st. AL Thobat District,شارع معهد الادارة,Open,Open,مفتوح,Sat – Thu: 09:00 AM - 11:00 PM,السبت - الخميس: 09:00 ص - 11:00 م ,,,
216,4754,BISHA,19.997883,42.602066,King Khaled St. in front of Al-malhan Mall & beside the old Bisha traffic station,بيشه طريق الملك خالد مقابل اسواق الملحان ,Open,Open,مفتوح,Sat – Thu: 09:00 AM - 11:00 PM,السبت - الخميس: 09:00 ص - 11:00 م ,,,
217,4755,AHAD AL MASARIHAH,16.7095,42.953835,City Center,احد المسارحه وسط البلد سوق الجوالات,Open,Open,مفتوح,Sat – Thu: 09:00 AM - 11:00 PM,السبت - الخميس: 09:00 ص - 11:00 م ,,,
218,4756,AL NAMAS,19.106968,42.12895,Main st beside ministry of agriculture,الطريق العام ,Open,Open,مفتوح,Sat – Thu: 09:00 AM - 11:00 PM,السبت - الخميس: 09:00 ص - 11:00 م ,,,
219,4757,AL BAHAH,20.018967,41.454117,"King Abdul Aziz St. beside Al-Khaleej Hotel Apartments, next to Amal Al-Khair Factory for Dates",الباحة طريق الملك عبدالعزيز,Open,Open,مفتوح,Sat – Thu: 09:00 AM - 11:00 PM,السبت - الخميس: 09:00 ص - 11:00 م ,,,
220,4758,JEDDAH,21.575983,39.14675,"Sari road, ",شارع صاري مقابل مكتبه جرير ,Open,Open,مفتوح,Sat – Thu: 09:00 AM - 11:00 PM,السبت - الخميس: 09:00 ص - 11:00 م ,,,
221,4759,JEDDAH,21.584682,39.1598,"Al-Salamah district, Saqar Qurash St. beside Al-Baik",حي السلامة - شارع صقر قريش,Open,Open,مفتوح,Sat – Thu: 09:00 AM - 11:00 PM,السبت - الخميس: 09:00 ص - 11:00 م ,,,
222,4760,TAIF,21.427763,40.487175,Beside police station and Saudi postal office,الحوية بجانب الشرطة ومكتب البريد,Open,Open,مفتوح,Sat – Thu: 09:00 AM - 11:00 PM,السبت - الخميس: 09:00 ص - 11:00 م ,,,
223,4761,MAKKAH AL-MUKARRAMAH,21.418259,39.772575,Al Hamra District â Amnah Bent Waheb St,"حي الحمراء , شارع آمنه بنت وهب",Open,Open,مفتوح,Sat – Thu: 09:00 AM - 11:00 PM,السبت - الخميس: 09:00 ص - 11:00 م ,,,
224,4762,JEDDAH,21.578444,39.234554," Al Tawfeeq ,Al Samer District Eastern Ring Road. beside Al Salam sweet shop","التوفيق, حي السامر, الدائري الشرقي , بجانب حلويات السلام",Open,Open,مفتوح,Sat – Thu: 09:00 AM - 11:00 PM,السبت - الخميس: 09:00 ص - 11:00 م ,,,
225,4763,MAKKAH AL-MUKARRAMAH,21.387613,39.796535,Al Shawqeya â Abdullah Bin Abbas St,"الشوقية, شارع عبدالله بن عباس",Open,Open,مفتوح,Sat – Thu: 09:00 AM - 11:00 PM,السبت - الخميس: 09:00 ص - 11:00 م ,,,
226,4764,MAKKAH AL-MUKARRAMAH,21.401058,39.708042,"Alzaydi district, Prince Naif St.","حي الزيدي , شارع الأمير نايف",Open,Open,مفتوح,Sat – Thu: 09:00 AM - 11:00 PM,السبت - الخميس: 09:00 ص - 11:00 م ,,,
227,4765,AL-KHARJ,24.136635,47.276802,"AL Khuzama district, King Abdullah Road, Jarir Bookstore","حي الخزامى, جرير",Open,Open,مفتوح,Sat – Thu: 09:00 AM - 11:00 PM,السبت - الخميس: 09:00 ص - 11:00 م ,,,
228,4766,RIYADH,24.824703,46.77106,"Al Monisyiah district, AL Sahaba st near to Themar supermarket","حي المونسية , شارع الصحابة ",Open,Open,مفتوح,Sat – Thu: 09:00 AM - 11:00 PM,السبت - الخميس: 09:00 ص - 11:00 م ,,,
229,4767,KHAMIS MUSHAIT,18.298782,42.7393,"Umm sarar district, King Saud street, Near to Al Sarh AL Shamel clinic","حي ام سرار, شارع الملك سعود",Open,Open,مفتوح,Sat – Thu: 09:00 AM - 11:00 PM,السبت - الخميس: 09:00 ص - 11:00 م ,,,
230,4768,ABHA,18.22345,42.5565,"Al Mansak district, Talat Bin Basher st. near to East Abha police ","حي المنسك , طلال بن بشير",Open,Open,مفتوح,Sat – Thu: 09:00 AM - 11:00 PM,السبت - الخميس: 09:00 ص - 11:00 م ,,,
231,4769,MAKKAH AL-MUKARRAMAH,21.479992,39.796043,"Al tanim district, AL Tanim Boulevard AL Madina Al Manawara Road","حي التنعيم, برج التنعيم",Open,Open,مفتوح,Sat – Thu: 09:00 AM - 11:00 PM,السبت - الخميس: 09:00 ص - 11:00 م ,,,
232,4770,MAKKAH AL-MUKARRAMAH,21.487947,39.944927,"Al sharai al shamalyah district, King Faisal Road, next to Baskin Robines","حي الشرايع الشمالية, شارع الملك فيصل",Open,Open,مفتوح,Sat – Thu: 09:00 AM - 11:00 PM,السبت - الخميس: 09:00 ص - 11:00 م ,,,
233,4771,AL KHOBAR,26.361916,50.194958,"Al Rakha Al shamaliah district, Khaled Bin Al Waleed street in front of NAB Bank",الراكة الشمالية شارع خالد بن الوليد مقابل البنك الاهلي,Open,Open,مفتوح,Sat – Thu: 09:00 AM - 11:00 PM,السبت - الخميس: 09:00 ص - 11:00 م ,,,
234,4772,RIYADH,24.69875,46.640835,"Uroba Road west, beside Meed Mini Market",طريق العروبة - بجانب ميد,Open,Open,مفتوح,Sat – Thu: 09:00 AM - 11:00 PM,السبت - الخميس: 09:00 ص - 11:00 م ,,,
235,4773,RIYADH,24.726358,46.68693,AL Shikh Abdullah Al Anghari St.,شارع الشيخ عبدالله العنقري,Open,Open,مفتوح,Sat – Thu: 09:00 AM - 11:00 PM,السبت - الخميس: 09:00 ص - 11:00 م ,,,
236,4774,RIYADH,24.782633,46.81785,"Mohammad Bin Ismaeel AL Sanani, Al Khaleej district",شارع محمد بن اسماعيل السناني - حي الخليج,Open,Open,مفتوح,Sat – Thu: 09:00 AM - 11:00 PM,السبت - الخميس: 09:00 ص - 11:00 م ,,,
237,4775,RIYADH,24.79945,46.69763,"Uthman Ibn Affan Branch Rd, Al Falah district",شارع عثمان بن عفان - حي الفلاح,Open,Open,مفتوح,Sat – Thu: 09:00 AM - 11:00 PM,السبت - الخميس: 09:00 ص - 11:00 م ,,,
238,4776,RIYADH,24.554892,46.510822,Najm Ad Din Al Ayyubi St. AL Ghorob district,شارع نجم الدين - حي الغروب,Open,Open,مفتوح,Sat – Thu: 09:00 AM - 11:00 PM,السبت - الخميس: 09:00 ص - 11:00 م ,,,
239,4777,AD DILAM,23.996105,47.139248," Al Dalam, King Fahad Rd. As Sahna district",الدلم - شارع الملك فهد - حي الصحن ,Open,Open,مفتوح,Sat – Thu: 09:00 AM - 11:00 PM,السبت - الخميس: 09:00 ص - 11:00 م ,,,
240,4778,AL-KHARJ,24.151348,47.355858,"Prince Sultan Bin Abdulaziz Rd, Al Faysaliyah district",شارع سلطان بن عبد العزيز-  حي الفيصلية,Open,Open,مفتوح,Sat – Thu: 09:00 AM - 11:00 PM,السبت - الخميس: 09:00 ص - 11:00 م ,,,
241,4693,AL MUBARRAZ,25.415855,49.555843,Abou Miyah St. Al-Mahasin district,المبرز محاسن شارع ابو ميه مقابل مستوصف فيصل  ,Open,Open,مفتوح,Sat – Thu: 09:00 AM - 11:00 PM,السبت - الخميس: 09:00 ص - 11:00 م ,,,
242,4694,AL HOFUF,25.418701,49.676037,Al Qaraah Main Street ,شارع القرة الرئيسي,Open,Open,مفتوح,Sat – Thu: 09:00 AM - 11:00 PM,السبت - الخميس: 09:00 ص - 11:00 م ,,,
243,4695,DAMMAM,26.411982,50.0459,Giant Stores beside STC outlet & behind the mowasah hospital,مجمع بنده بجانب فرع الاتصالات خلف مستشفى الموساه,Open,Open,مفتوح,Sat – Thu: 09:00 AM - 11:00 PM,السبت - الخميس: 09:00 ص - 11:00 م ,,,
244,4696,KHAFJI,28.462683,48.4857,"Al Faihaa, King Abdulaziz Rd.","الفيحاء, شارع الملك عبد العزيز",Open,Open,مفتوح,Sat – Thu: 09:00 AM - 11:00 PM,السبت - الخميس: 09:00 ص - 11:00 م ,,,
245,4697,AL MUBARRAZ,25.407875,49.59545,Al-Nagah St. in front of Al-Mobaraz boys high school. Al-Mobaraz district,"حي المبرز, طريق الناقة , مقابل مدرسة المبرز للبنين الثانوية",Open,Open,مفتوح,Sat – Thu: 09:00 AM - 11:00 PM,السبت - الخميس: 09:00 ص - 11:00 م ,,,
246,4698,AL JUBAIL,26.98814,49.64654,Intersection of 60 St. with King Faisal Rd.,تقاطع شارع الستين مع طريق الملك فيصل,Open,Open,مفتوح,Sat – Thu: 09:00 AM - 11:00 PM,السبت - الخميس: 09:00 ص - 11:00 م ,,,
247,4699,AL HENAKIYAH,24.87095,40.512592,Main RD. in front of the city's main hospital,الحناكيه ,Open,Open,مفتوح,Sat – Thu: 09:00 AM - 11:00 PM,السبت - الخميس: 09:00 ص - 11:00 م ,,,
248,4700,MEDINA,24.446226,39.621258,Rawabi Quba`a mall Prince Abdul Majeed street  ,حي الجمعه .. روابي قباء مول ,Open,Open,مفتوح,Sat – Thu: 09:00 AM - 11:00 PM,السبت - الخميس: 09:00 ص - 11:00 م ,,,
249,4701,SAKAKA,29.977848,40.204407,Al-Shalhob district - Main Sq. beside king Abdul Aziz St.,سكاكا حي الشلهوب شارع الملك عبد العزيز,Open,Open,مفتوح,Sat – Thu: 09:00 AM - 11:00 PM,السبت - الخميس: 09:00 ص - 11:00 م ,,,
250,4702,SABYA,17.1524,42.65193,In front of the Sabya Girls College,مقابل كلية البنات بصبيا,Open,Open,مفتوح,Sat – Thu: 09:00 AM - 11:00 PM,السبت - الخميس: 09:00 ص - 11:00 م ,,,
251,4703,ABHA,18.21895,42.494717,"Khaldia district, Al-Qabil St. Al-Samer residential complex",حي الخالدية ,Open,Open,مفتوح,Sat – Thu: 09:00 AM - 11:00 PM,السبت - الخميس: 09:00 ص - 11:00 م ,,,
252,4704,SHARORAH,17.489634,47.11405,Omar Ebin Al-Khatab St. in front of Bank Al-Riyadh,شارع عمر بن الخطاب امام بنك الرياض,Open,Open,مفتوح,Sat – Thu: 09:00 AM - 11:00 PM,السبت - الخميس: 09:00 ص - 11:00 م ,,,
253,4705,AD DARB,17.730083,42.255882,Al-Darb - main street - Beside the STC retail outlet,الدرب الشارع العام بجوار مكتب الاتصالات السعودية,Open,Open,مفتوح,Sat – Thu: 09:00 AM - 11:00 PM,السبت - الخميس: 09:00 ص - 11:00 م ,,,
254,4706,JEDDAH,21.543234,39.216644,"40st , Tamimi bldg 3 ",جدة شارع  الأربعين حي الرحاب بناية التميمي بجوار مدارس المنارات  ,Open,Open,مفتوح,Sat – Thu: 09:00 AM - 11:00 PM,السبت - الخميس: 09:00 ص - 11:00 م ,,,
255,4707,JEDDAH,21.56065,39.202618,"70st, next to Al Tazej",حي العزيزية - شارع السبعين - ابراج البسمة - قبل مطعم الطازج,Open,Open,مفتوح,Sat – Thu: 09:00 AM - 11:00 PM,السبت - الخميس: 09:00 ص - 11:00 م ,,,
256,4708,MAKKAH AL-MUKARRAMAH,21.407654,39.794334,Al Nakheel Plaza  (New Mall),الرصيفه - النخيل بلازا مول ,Open,Open,مفتوح,Sat – Thu: 09:00 AM - 11:00 PM,السبت - الخميس: 09:00 ص - 11:00 م ,,,
257,4709,JEDDAH,21.593407,39.204144,"North Jeddah, 40 St. Near the Buriman prison",حي بريمان- شارع الاربعين - امام مركز عبداللطيف جميل للتأهيل,Open,Open,مفتوح,Sat – Thu: 09:00 AM - 11:00 PM,السبت - الخميس: 09:00 ص - 11:00 م ,,,
258,4710,MAKKAH AL-MUKARRAMAH,21.448626,39.862747,Al-Adl St.,حي العدل جوار مستشفى السلام مقابل مكتبة جرير,Open,Open,مفتوح,Sat – Thu: 09:00 AM - 11:00 PM,السبت - الخميس: 09:00 ص - 11:00 م ,,,
259,4711,KHULAIS,22.1434,39.344185,Al-Madaris st.,"خليص , شارع المدارس",Open,Open,مفتوح,Sat – Thu: 09:00 AM - 11:00 PM,السبت - الخميس: 09:00 ص - 11:00 م ,,,
260,4712,RIYADH,24.76422,46.714397,"AL Nuzhah district, Othman Bin Affan St.SPAR Market","حي النزهة , شارع عثمان بن عفان , سبار ماركت",Open,Open,مفتوح,Sat – Thu: 09:00 AM - 11:00 PM,السبت - الخميس: 09:00 ص - 11:00 م ,,,
261,4713,RIYADH,24.71023,46.691807,"Al Sulimanyah district, Prince Mamduh st.","حي السليمانية, شارع الأمير ممدوح",Open,Open,مفتوح,Sat – Thu: 09:00 AM - 11:00 PM,السبت - الخميس: 09:00 ص - 11:00 م ,,,
262,4714,MAKKAH AL-MUKARRAMAH,21.44004,39.813137, Al Otibia district ,حي العتيبة,Open,Open,مفتوح,Sat – Thu: 09:00 AM - 11:00 PM,السبت - الخميس: 09:00 ص - 11:00 م ,,,
263,4715,DAMMAM,26.379105,50.058865,"Abo Baker street, Infront of Saad Al Deen Pastry, Al Faisaleah district",حي الفيصلية طريق ابو بكر مقابل حلويات سعد الدين,Open,Open,مفتوح,Sat – Thu: 09:00 AM - 11:00 PM,السبت - الخميس: 09:00 ص - 11:00 م ,,,
264,4716,HAIL,27.509136,41.665344,"Alwusayta district,King Fahad Road.","حي الوسيطة , شارع الملك فهد",Open,Open,مفتوح,Sat – Thu: 09:00 AM - 11:00 PM,السبت - الخميس: 09:00 ص - 11:00 م ,,,
265,4717,MEDINA,24.44694,39.59185,Omar Ibn AL Khatab Rd. AL Dahira District,حي الضهيرة شارع عمر بن الخطاب,Open,Open,مفتوح,Sat – Thu: 09:00 AM - 11:00 PM,السبت - الخميس: 09:00 ص - 11:00 م ,,,
266,4718,RIYADH,24.685587,46.582993,"Prince Meshal Rd, Irqa District",حي عرقة طريق الامير مشعل,Open,Open,مفتوح,Sat – Thu: 09:00 AM - 11:00 PM,السبت - الخميس: 09:00 ص - 11:00 م ,,,
267,4719,MAKKAH AL-MUKARRAMAH,21.472683,39.9278,AL KHADRA North district â Mohammed Saleh Ibrahim Khozami â Shop # 9,"حي الخضرة الشمالي,  محمد صالح إبراهيم الخزامى",Open,Open,مفتوح,Sat – Thu: 09:00 AM - 11:00 PM,السبت - الخميس: 09:00 ص - 11:00 م ,,,
268,4720,RIYADH,24.729765,46.78674,Khurais St.,طريق خريص - تقاطع خريص مع خالد بن الوليد,Open,Open,مفتوح,Sat – Thu: 09:00 AM - 11:00 PM,السبت - الخميس: 09:00 ص - 11:00 م ,,,
269,4721,BURAYDAH,26.3534,43.95442,Khubaib St.- Kesa'ei center,الخبيب - طريق الملك عبدالعزيز,Open,Open,مفتوح,Sat – Thu: 09:00 AM - 11:00 PM,السبت - الخميس: 09:00 ص - 11:00 م ,,,
270,4722,UNAYZAH,26.091982,43.996933,Zulfi Rd. ,عنيزة طريق الزلفي,Open,Open,مفتوح,Sat – Thu: 09:00 AM - 11:00 PM,السبت - الخميس: 09:00 ص - 11:00 م ,,,
271,4723,AL QUWAIIYAH,24.056107,45.267582,"Main st - King Abdulaziz st, beside Main Hospital",طريق الملك عبدالعزيز بجانب مستشفى القويعية العام,Open,Open,مفتوح,Sat – Thu: 09:00 AM - 11:00 PM,السبت - الخميس: 09:00 ص - 11:00 م ,,,
272,4724,AZ ZULFI,26.305777,44.829323,Intersection of the King Abdullah & King Fahd St. Beside the new Rajhi bank.,الزلفــي ــ تقاطع الملك عبدالله مع الملك فهد,Open,Open,مفتوح,Sat – Thu: 09:00 AM - 11:00 PM,السبت - الخميس: 09:00 ص - 11:00 م ,,,
273,4725,AFIF,23.890928,42.90737,Main RD.  ,عفيف . طريق عفيف العام مقابل الامارة ,Open,Open,مفتوح,Sat – Thu: 09:00 AM - 11:00 PM,السبت - الخميس: 09:00 ص - 11:00 م ,,,
274,4726,WADI AD-DAWASIR,20.472298,44.78527,"Al-Khamis, main St. beside Injaz",وادي الدواسر- حي الخماسين -الشارع العام- بجوار بنك تلي موني,Open,Open,مفتوح,Sat – Thu: 09:00 AM - 11:00 PM,السبت - الخميس: 09:00 ص - 11:00 م ,,,
275,4727,AL DUWADIMI,24.520351,44.417427,Main st. beside Al-khaleg Optical center,طريق الملك عبدالعزيز بجانب مركز الخليج,Open,Open,مفتوح,Sat – Thu: 09:00 AM - 11:00 PM,السبت - الخميس: 09:00 ص - 11:00 م ,,,
276,4728,AL MITHNAB,25.860033,44.22043,King Abdul Aziz St. infront of the municipality building,المذنب طريق الملك عبدالعزيز أمام مبنى البلدية ,Open,Open,مفتوح,Sat – Thu: 09:00 AM - 11:00 PM,السبت - الخميس: 09:00 ص - 11:00 م ,,,
277,4729,RIYADH,24.616175,46.738163,Intersection Manfohha 60th street with Gobira st,المنفوحة شارع الستين,Open,Open,مفتوح,Sat – Thu: 09:00 AM - 11:00 PM,السبت - الخميس: 09:00 ص - 11:00 م ,,,
278,4730,RIYADH,24.79676,46.778694,"Ishbilia district, Ext. 9 Emam Saud St. ",حي اشبيليا مخرج 9 شارع الامام سعود,Open,Open,مفتوح,Sat – Thu: 09:00 AM - 11:00 PM,السبت - الخميس: 09:00 ص - 11:00 م ,,,
279,4731,RIYADH,24.801622,46.739746,"Quortoba Mall, Shop#6, Khalid Bil Al Walid St","شارع خالد بن الوليد, مول قرطبة, متجر رقم 6",Open,Open,مفتوح,Sat – Thu: 09:00 AM - 11:00 PM,السبت - الخميس: 09:00 ص - 11:00 م ,,,
280,4732,RIYADH,24.588106,46.76066,Al Aziza Beside Al Anma`a Bank ,"العزيزية, بجانب بنك الانماء",Open,Open,مفتوح,Sat – Thu: 09:00 AM - 11:00 PM,السبت - الخميس: 09:00 ص - 11:00 م ,,,
281,4733,RIYADH,24.577694,46.578415,Bilal bin Rubah street â Tuwaiq District,"حي طويق,شارع  بلال بن ربعة",Open,Open,مفتوح,Sat – Thu: 09:00 AM - 11:00 PM,السبت - الخميس: 09:00 ص - 11:00 م ,,,
282,4734,RIYADH,24.753742,46.81665,Al Nahda district Salman AL Farsi St.,"حي النهضة, شارع سلمان الفارسي",Open,Open,مفتوح,Sat – Thu: 09:00 AM - 11:00 PM,السبت - الخميس: 09:00 ص - 11:00 م ,,,
283,4735,BURAYDAH,26.315348,44.02755,"AD DAHI district, Panda supermarket","حي الضاحي, بندة",Open,Open,مفتوح,Sat – Thu: 09:00 AM - 11:00 PM,السبت - الخميس: 09:00 ص - 11:00 م ,,,
284,4736,YANBU,24.091784,38.090134,King Khaled st. AL Takhi district,حي التآخي طريق الملك خالد,Open,Open,مفتوح,Sat – Thu: 09:00 AM - 11:00 PM,السبت - الخميس: 09:00 ص - 11:00 م ,,,
285,4737,AL JUBAIL,27.009094,49.66062,"Albalad , Alsafa St","الجبيل , شارع الملك عبدالعزيز حي الصفا مقابل التلي موني البنك العربي ",Open,Open,مفتوح,Sat – Thu: 09:00 AM - 11:00 PM,السبت - الخميس: 09:00 ص - 11:00 م ,,,
286,4738,KHAFJI,28.41595,48.484234,Al-Baladiah St.,الخفجي شارع البلديه ,Open,Open,مفتوح,Sat – Thu: 09:00 AM - 11:00 PM,السبت - الخميس: 09:00 ص - 11:00 م ,,,
287,4739,HAFAR AL BATIN,28.441715,45.971455,King Abdul Aziz St. beside Azizyah  market place,حفرالباطن  شارع الملك عبدالعزيز بجانب سوق العزيزيه المركزي,Open,Open,مفتوح,Sat – Thu: 09:00 AM - 11:00 PM,السبت - الخميس: 09:00 ص - 11:00 م ,,,
288,4740,RAS TANURA,26.706984,50.054768,King Abdullah St. beside the Rajhi Bank,راس تنوره  شارع الملك عبد العزيز بجوار  بنك  الراجحي,Open,Open,مفتوح,Sat – Thu: 09:00 AM - 11:00 PM,السبت - الخميس: 09:00 ص - 11:00 م ,,,
289,4741,DAMMAM,26.410612,50.097702,Othman Bin Afan St. beside STC. Moraikabbat district,الدمام  حي الريان شارع عثان بن عفان مقابل مستشفي الملك فهد,Open,Open,مفتوح,Sat – Thu: 09:00 AM - 11:00 PM,السبت - الخميس: 09:00 ص - 11:00 م ,,,
290,4742,YANBU,24.014584,38.215633,Yanbou Al-Bahr - Royal District (Al Bustan center),ينبع الصناعية,Open,Open,مفتوح,Sat – Thu: 09:00 AM - 11:00 PM,السبت - الخميس: 09:00 ص - 11:00 م ,,,
291,4743,MEDINA,24.456255,39.61543,"Qurban Road, AL Wqaisi Building",المدينه شارع قربان,Open,Open,مفتوح,Sat – Thu: 09:00 AM - 11:00 PM,السبت - الخميس: 09:00 ص - 11:00 م ,,,
292,4744,SAKAKA,29.956028,40.201157,Transportation St. infront of ministry of Al-Awqaf ,سكاكا مقابل وزارة الاوقاف ,Open,Open,مفتوح,Sat – Thu: 09:00 AM - 11:00 PM,السبت - الخميس: 09:00 ص - 11:00 م ,,,
293,4745,DUMAH AL JANDAL,29.807632,39.860188,Commercial area beside Abdul Latif Gamil,المنطقه التجاريه بجوار عبد اللطيف جميل ,Open,Open,مفتوح,Sat – Thu: 09:00 AM - 11:00 PM,السبت - الخميس: 09:00 ص - 11:00 م ,,,
294,4746,TURAIF,31.673607,38.676968,20 St. infront of the green wing residential suites,طريف شارع 20 امام الاجنحه الخضراء السكنيه ,Open,Open,مفتوح,Sat – Thu: 09:00 AM - 11:00 PM,السبت - الخميس: 09:00 ص - 11:00 م ,,,
295,4747,ARAR,30.958595,41.043404,25th St. the first building from the main street side,حي النسيم شارع الحزام الشرقي  بجوار شركة المراعي ,Open,Open,مفتوح,Sat – Thu: 09:00 AM - 11:00 PM,السبت - الخميس: 09:00 ص - 11:00 م ,,,
296,4748,KHAMIS MUSHAIT,18.246468,42.766884,"King Khaled Road, AL Zaiton District",حي الزيتون طريق الملك خالد,Open,Open,مفتوح,Sat – Thu: 09:00 AM - 11:00 PM,السبت - الخميس: 09:00 ص - 11:00 م ,,,
297,4749,MEDINA,24.437681,39.6354,ALHejra Rd. Al Eskan District,حي الاسكان طريق الهجرة,Open,Open,مفتوح,Sat – Thu: 09:00 AM - 11:00 PM,السبت - الخميس: 09:00 ص - 11:00 م ,,,
298,4750,JAZAN,16.898733,42.549168,Town Center  Ex. STC,وسط البلدطريق الملك فهد بجوار الفالح للرياضه ,Open,Open,مفتوح,Sat – Thu: 09:00 AM - 11:00 PM,السبت - الخميس: 09:00 ص - 11:00 م ,,,
299,4779,RIYADH,24.817348,46.78271,"Dammam High way West, Panda Market ",شارع الدمام السريع - غرب - سوق بندة,Open,Open,مفتوح,Sat – Thu: 09:00 AM - 11:00 PM,السبت - الخميس: 09:00 ص - 11:00 م ,,,
300,4780,RIYADH,24.725235,46.815548,"Abdullah Ibn Masud St, An Nasim Al Gharbi district",شارع عبد الله بن مسعود - حي النسيم الغربي,Open,Open,مفتوح,Sat – Thu: 09:00 AM - 11:00 PM,السبت - الخميس: 09:00 ص - 11:00 م ,,,
301,4781,AL-AFLAJ,22.286118,46.727848,"king abdulaziz infront of ministry of education, Beside AL Nahdi Pharmacy ","شارع الملك عبد العزي,  أمام وزارة التربية والتعليم ، بجانب صيدلية النهدي",Open,Open,مفتوح,Sat – Thu: 09:00 AM - 11:00 PM,السبت - الخميس: 09:00 ص - 11:00 م ,,,
302,4782,AL KHOBAR,26.305208,50.194733,"Prince Faisal Bin Fahad Road, AL Hizam Al Akhdar district","شارع الامير فيصل بن فهد , حي الحزم الاخضر",Open,Open,مفتوح,Sat – Thu: 09:00 AM - 11:00 PM,السبت - الخميس: 09:00 ص - 11:00 م ,,,
303,4783,JEDDAH,21.792767,39.132484,Prince Naif St. in front of Pizza Hut & McDonald's,"شارع الامير نايف , مقابل ماكدونالدز و بيتزا هت",Open,Open,مفتوح,Sat – Thu: 09:00 AM - 11:00 PM,السبت - الخميس: 09:00 ص - 11:00 م ,,,
304,4784,BURAYDAH,26.37495,43.916016,"King Abdulaziz Rd, AL Bishr district",حي البشر - شارع الملك عبد العزيز,Open,Open,مفتوح,Sat – Thu: 09:00 AM - 11:00 PM,السبت - الخميس: 09:00 ص - 11:00 م ,,,
305,4785,BURAYDAH,26.326567,43.952232,"Prince Faisal Ibn Mishaal Ibn Saud Road, Al Safa district",حي الصحافة -شارع الامير فيصل بن مشعل بن سعود,Open,Open,مفتوح,Sat – Thu: 09:00 AM - 11:00 PM,السبت - الخميس: 09:00 ص - 11:00 م ,,,
306,4786,RIYADH,24.77945,46.7378,Al Imam St. Ash Shuhada district,حي الشهداء - شارع الامام,Open,Open,مفتوح,Sat – Thu: 09:00 AM - 11:00 PM,السبت - الخميس: 09:00 ص - 11:00 م ,,,
307,4787,RIYADH,24.758682,46.674316,King Abdulaziz Rd. Al Maseef district ,حي المصيف - شارع الملك عبد العزيز,Open,Open,مفتوح,Sat – Thu: 09:00 AM - 11:00 PM,السبت - الخميس: 09:00 ص - 11:00 م ,,,
308,4788,RIYADH,24.820118,46.64235,"King Abdul Aziz Branch Rd Cross Anas Ibn Malik Rd, Al Yasmin district ", حي الياسمين تقاطع شارع الملك عبد العزيز مع انس ابن مالك,Open,Open,مفتوح,Sat – Thu: 09:00 AM - 11:00 PM,السبت - الخميس: 09:00 ص - 11:00 م ,,,
309,4789,RIYADH,24.78095,46.83222,"Al Basala St, Al Maizilah distrect",حي الميزلة - شارع البسالة,Open,Open,مفتوح,Sat – Thu: 09:00 AM - 11:00 PM,السبت - الخميس: 09:00 ص - 11:00 م ,,,
310,4790,RIYADH,24.726767,46.83777,Hassan Ibn Thabit St. An Nasim Ash Sharqi distrect,حي النسيم الشرقي - شارع الحسن بن ثابت,Open,Open,مفتوح,Sat – Thu: 09:00 AM - 11:00 PM,السبت - الخميس: 09:00 ص - 11:00 م ,,,
311,4791,RIYADH,24.648184,46.55385,"Taif St. Exit 34, Laban Distrect",حي لبن - شارع الطايف مخرج 34,Open,Open,مفتوح,Sat – Thu: 09:00 AM - 11:00 PM,السبت - الخميس: 09:00 ص - 11:00 م ,,,
312,4792,RIYADH,24.82,46.686234,"Uthman Ibn Affan Rd, An Narjis district,  AL Tamimi Supermarket",حي النرجس - شارع عثمان بن عفان,Open,Open,مفتوح,Sat – Thu: 09:00 AM - 11:00 PM,السبت - الخميس: 09:00 ص - 11:00 م ,,,
313,4793,RIYADH,24.8287,46.8106,Aal Qadesiah Plaza-Dammam Rd ,القادسية بلازا - شارع الدمام,Open,Open,مفتوح,Sat – Thu: 09:00 AM - 11:00 PM,السبت - الخميس: 09:00 ص - 11:00 م ,,,
314,4794,RIYADH,24.575665,46.749966,Joud Center- Al Hair Rd AL Dar AL bida district,حي البديعة - شارع حائر - جود سنتر,Open,Open,مفتوح,Sat – Thu: 09:00 AM - 11:00 PM,السبت - الخميس: 09:00 ص - 11:00 م ,,,
315,4795,RIYADH,24.7866,46.6874,"Al Bahar Al Ahmar St, Al Wadi district",حي الوادي - شارع البحر الاحمر,Open,Open,مفتوح,Sat – Thu: 09:00 AM - 11:00 PM,السبت - الخميس: 09:00 ص - 11:00 م ,,,
316,4796,AL KHOBAR,26.201918,50.209435,"Abdulrahman Ibn Muath St, Al Jisr district",حي الجسر - شارع عبد الرحمن بن معاذ,Open,Open,مفتوح,Sat – Thu: 09:00 AM - 11:00 PM,السبت - الخميس: 09:00 ص - 11:00 م ,,,
317,4797,AL KHOBAR,26.26915,50.2131,"King Fahad RD, Al Khobar Al Janubiyah",حي الخبر الجنوبية - شارع الملك فهد,Open,Open,مفتوح,Sat – Thu: 09:00 AM - 11:00 PM,السبت - الخميس: 09:00 ص - 11:00 م ,,,
318,4798,DAMMAM,26.441267,50.12308,King Saud st. Al Mazruiyah district,حي المزروعية - شارع الملك سعود ,Open,Open,مفتوح,Sat – Thu: 09:00 AM - 11:00 PM,السبت - الخميس: 09:00 ص - 11:00 م ,,,
319,4799,MEDINA,24.45105,39.51013, AL Emam AL Bukari St. Ad Difa district,حي الدفاع - شارع الامام البكري,Open,Open,مفتوح,Sat – Thu: 09:00 AM - 11:00 PM,السبت - الخميس: 09:00 ص - 11:00 م ,,,
320,4800,MEDINA,24.42145,39.528866,"Salim ibn 'Amr, Al Aziziyyah district ",حي العزيزية - شارع سليم ابن عمر,Open,Open,مفتوح,Sat – Thu: 09:00 AM - 11:00 PM,السبت - الخميس: 09:00 ص - 11:00 م ,,,
321,4801,TABUK,28.4335,36.5373,Amro Ibn AL Aas St. Almasif district,حي المصيف - شارع عمرو ابن العاص,Open,Open,مفتوح,Sat – Thu: 09:00 AM - 11:00 PM,السبت - الخميس: 09:00 ص - 11:00 م ,,,
322,4802,TABUK,28.429873,36.562744,Abdulmosen AL Bazei St. AL Moroj 2 district ,حي المروج 2 - شترع عبد المحسن البازي,Open,Open,مفتوح,Sat – Thu: 09:00 AM - 11:00 PM,السبت - الخميس: 09:00 ص - 11:00 م ,,,
323,4803,AL JUBAIL,27.137333,49.568367,"Galleria Mall, Al Fanateer district, industrial city",حي الفناتير - جاليري مول,Open,Open,مفتوح,Sat – Thu: 08:00 AM - 04:00 PM,السبت - الخميس: 08:00 ص - 04:00 م ,,,
324,4804,BURAYDAH,26.39605,43.949566,"King Khalid Rd, Al Worod district","حي الورود, شارع الملك خالد",Open,Open,مفتوح,Sat – Thu: 09:00 AM - 11:00 PM,السبت - الخميس: 09:00 ص - 11:00 م ,,,
325,4805,UYUN AL JAWA,26.502934,43.636734,king Fahad Rd. AL Khazan district,"حي الخزان , شارع الملك فهد",Open,Open,مفتوح,Sat – Thu: 09:00 AM - 11:00 PM,السبت - الخميس: 09:00 ص - 11:00 م ,,,
326,4806,RIYADH,24.818,46.59245,King Salman Rd. Al Qirawan district,"حي القيروان , شارع الملك سلمان",Open,Open,مفتوح,Sat – Thu: 09:00 AM - 11:00 PM,السبت - الخميس: 09:00 ص - 11:00 م ,,,
327,4807,RIYADH,24.708317,46.6277,AL Raed Avenue,الرائد افينيو,Open,Open,مفتوح,Sat – Thu: 09:00 AM - 11:00 PM,السبت - الخميس: 09:00 ص - 11:00 م ,,,
328,4869,RIYADH,24.787193,46.61397,"Imam Saud Bin Faisal St , Al Malqa district","حي الملقا , شارع الامام سعد ابن فيصل",Open,Open,مفتوح,Sat – Thu: 09:00 AM - 11:00 PM,السبت - الخميس: 09:00 ص - 11:00 م ,,,
329,4870,RIYADH,24.814186,46.658283,"Abdullah Al Othaim Markets, Al Fajr St. Al Yasmin district","حي الياسمين ,شارع الفرج",Open,Open,مفتوح,Sat – Thu: 09:00 AM - 11:00 PM,السبت - الخميس: 09:00 ص - 11:00 م ,,,
330,4871,RIYADH,24.769667,46.664917,"North Ring Road, Al Ghadeer Square","الدائري الشمالي, مجمع الغدير",Open,Open,مفتوح,Sat – Thu: 09:00 AM - 11:00 PM,السبت - الخميس: 09:00 ص - 11:00 م ,,,
331,4872,AL KHOBAR,26.2902,50.199017,"Prince Humud St, Al Aqrabiyah district",حي العقربية,Open,Open,مفتوح,Sat – Thu: 09:00 AM - 11:00 PM,السبت - الخميس: 09:00 ص - 11:00 م ,,,
332,4873,DAMMAM,26.421787,50.002846,"Dahyat Al Malek Fahad, Hammad Ibn Osama st.",ضاحية الملك فهد,Open,Open,مفتوح,Sat – Thu: 09:00 AM - 11:00 PM,السبت - الخميس: 09:00 ص - 11:00 م ,,,
333,4874,MEDINA,24.4221,39.636215,"King Abdullah Roa, AL Sad district","حي السعد , شارع الملك عبد الله",Open,Open,مفتوح,Sat – Thu: 09:00 AM - 11:00 PM,السبت - الخميس: 09:00 ص - 11:00 م ,,,
334,4875,RIYADH,24.80639,46.869526," Imama Abdullah Bin Saud St, Al Janadriah district","حي الجنادرية , شارغ الامام عبد الله",Open,Open,مفتوح,Sat – Thu: 09:00 AM - 11:00 PM,السبت - الخميس: 09:00 ص - 11:00 م ,,,
335,4876,AL MUBARRAZ,25.393724,49.606796,King Fahad Rd. Al Andalus district,حي الاندلس طريق الملك فهد,Open,Open,مفتوح,Sat – Thu: 09:00 AM - 11:00 PM,السبت - الخميس: 09:00 ص - 11:00 م ,,,
336,4877,MEDINA,24.492783,39.591118,"Mobily Building, King Abdullah Road. ","شارع الملك عبد الله, مبنى موبايلي",Open,Open,مفتوح,Sat – Thu: 09:00 AM - 11:00 PM,السبت - الخميس: 09:00 ص - 11:00 م ,,,
337,4878,HAFAR AL BATIN,28.358238,45.96242,King Abdulaziz Rd. AL Makan Mall,مكان مول,Open,Open,مفتوح,Sat – Thu: 09:00 AM - 11:00 PM,السبت - الخميس: 09:00 ص - 11:00 م ,,,
338,4879,SABYA,17.149649,42.64447,"AlSalhi Commercial Complex,  King Abdulaziz Rd.",مجمع الصالحي,Open,Open,مفتوح,Sat – Thu: 09:00 AM - 11:00 PM,السبت - الخميس: 09:00 ص - 11:00 م ,,,
339,4880,JAZAN,16.929108,42.558132,Prince Mohammed Ben Abdulaziz St. Ash Shati 6 District,"شارع الامير محمد بن عبد العزيز, حي الشاطيئ",Open,Open,مفتوح,Sat – Thu: 09:00 AM - 11:00 PM,السبت - الخميس: 09:00 ص - 11:00 م ,,,
340,4881,RIYADH,24.68034,46.701645,"Al Othaim Markets, Prince Abdulaziz Ibn Musaid Ibn Jalawi St (Al Dabab), As Sulimaniyah district","اسواق العثيم, حي السليمانية, شارع الضباب",Open,Open,مفتوح,Sat – Thu: 09:00 AM - 11:00 PM,السبت - الخميس: 09:00 ص - 11:00 م ,,,
341,4882,RIYADH,24.573027,46.63526,"AL Othaim Markets, Hamzah Ibn Abdul Muttalib St, As Suwaidi Al Gharbi District","اسواق العثيم, حي السويدي الغربي, شارع حمزة بن المطلب",Open,Open,مفتوح,Sat – Thu: 09:00 AM - 11:00 PM,السبت - الخميس: 09:00 ص - 11:00 م ,,,
342,4883,TABUK,28.3699,36.5635,"Ya qout Al Hamawi, Alhudaibah district","حي الحديبية, شارع الياقوت",Open,Open,مفتوح,Sat – Thu: 09:00 AM - 11:00 PM,السبت - الخميس: 09:00 ص - 11:00 م ,,,
343,4884,MEDINA,24.456778,39.655388,"Prince Mohammed Bin Abdulaziz St, Al Khalidiyyah District","حي الخالدية , شارع الامير محمد بن عبد العزيز",Open,Open,مفتوح,Sat – Thu: 09:00 AM - 11:00 PM,السبت - الخميس: 09:00 ص - 11:00 م ,,,
344,4885,MEDINA,24.469261,39.63173,King Abdulaziz Rd. Bani Dhafar district,"حي بني ظفر, شارع الملك عبد العزيز",Open,Open,مفتوح,Sat – Thu: 09:00 AM - 11:00 PM,السبت - الخميس: 09:00 ص - 11:00 م ,,,
345,4886,RIYADH,24.817022,46.66585," Lulu Hypermarket, The Roof Mall, Abi Bakr As Siddiq st, Al Yasmin district","لولو هايبر ماركت , طريق ابو بكر الصديق , حي الياسمين",Open,Open,مفتوح,Sat – Thu: 09:00 AM - 11:00 PM,السبت - الخميس: 09:00 ص - 11:00 م ,,,
346,4887,JEDDAH,21.553724,39.165134,Jeddah Tahliah street,"جدة , شارع التحلية",Open,Open,مفتوح,Sat – Thu: 08:30 AM - 11:00 PM,السبت - الخميس: 08:30 ص - 11:00 م ,,,
347,4888,DAMMAM,26.36205,50.073067,"Abu Bakr Alsiddiq St, AL Fakhria district","شارع ابو بكر الصديق, حي الفاخرية",Open,Open,مفتوح,Sat – Thu: 09:00 AM - 11:00 PM,السبت - الخميس: 09:00 ص - 11:00 م ,,,
348,4889,RIYADH,24.792645,46.767735,"Atyaf Mall, Gate 1","عريقة مول, بوابة 1",Open,Open,مفتوح,Sat – Thu: 09:00 AM - 11:00 PM,السبت - الخميس: 09:00 ص - 11:00 م ,,,
349,4890,MAKKAH AL-MUKARRAMAH,21.447092,39.849697,Hajj Street. In front of NCB ,"شارع الحج, بجانب البنك الاهلي",Open,Open,مفتوح,Sat – Thu: 09:00 AM - 11:00 PM,السبت - الخميس: 09:00 ص - 11:00 م ,,,
350,4891,ABU ARISH,16.961048,42.824116,"Abu Arish, King Fahd District","ابو عريش, حي الملك فعد",Open,Open,مفتوح,Sat – Thu: 09:00 AM - 11:00 PM,السبت - الخميس: 09:00 ص - 11:00 م ,,,
351,4892,JEDDAH,21.613476,39.14,Hera Dist . Prince Sultan Bin Abdul Aziz,"حي حراء, شارغ الامير سلطان بن عبد العزيز",Open,Open,مفتوح,Sat – Thu: 09:00 AM - 11:00 PM,السبت - الخميس: 09:00 ص - 11:00 م ,,,
352,4893,KHAMIS MUSHAIT,18.285135,42.740044,"Mujan Park, Khamis Mushait",موجان مول,Open,Open,مفتوح,Sat – Thu: 09:00 AM - 11:00 PM,السبت - الخميس: 09:00 ص - 11:00 م ,,,
353,4894,MEDINA,24.55305,39.71555,Prince Mohammed Airport - New Terminal Arrival,مطار الامير محمد - صالة القدوم,Open,Open,مفتوح,Sat – Thu: 24 Hour,السبت - الخميس: 24 ساعة,,,
354,4895,Al Mujaradah,19.125072,41.9201,"Bin Sorur Shopping Centre, Badr St. ",مركز بن صرور,Open,Open,مفتوح,Sat – Thu: 09:00 AM - 11:00 PM,السبت - الخميس: 09:00 ص - 11:00 م ,,,
355,4896,DAMMAM,26.473515,50.094288,"Abu Hurairah St, Al-Hamra district","حي الحمراء , شارع ابو هريرة ",Open,Open,مفتوح,Sat – Thu: 09:00 AM - 11:00 PM,السبت - الخميس: 09:00 ص - 11:00 م ,,,
356,4897,Rafhaa,29.628052,43.52484,Prince Mohammed bin Naif Street. In front of AL Muhammadiyah park,شارع الامير محمد بن نايف,Open,Open,مفتوح,Sat – Thu: 09:00 AM - 11:00 PM,السبت - الخميس: 09:00 ص - 11:00 م ,,,
357,4898,NAJRAN,17.54861,44.25125,"King Abdulaziz Street Alkhalidyah, Najran Park mall",نجلران بارك مول,Open,Open,مفتوح,Sat – Thu: 09:00 AM - 11:00 PM,السبت - الخميس: 09:00 ص - 11:00 م ,,,
358,4808,RIYADH,24.697762,46.702305,"Tamimi Markets ,Prince Sultan Bin Abdulaziz Rd, As Sulimaniyah district","حي السليمانية, شارع سلطان بن عبد العزيز",Open,Open,مفتوح,Sat – Thu: 09:00 AM - 11:00 PM,السبت - الخميس: 09:00 ص - 11:00 م ,,,
359,4809,RIYADH,24.833569,46.809887,"Al Sahel Valley St., Al Remal district ","حي الرمال , شارع وادي السهل",Open,Open,مفتوح,Sat – Thu: 09:00 AM - 11:00 PM,السبت - الخميس: 09:00 ص - 11:00 م ,,,
360,4810,RIYADH,24.655832,46.6725, Al Jawhara bent ibn Moammar St. Al Naseryah district,"حي الناصرية , الجوهرة بنت ابن معمر",Open,Open,مفتوح,Sat – Thu: 09:00 AM - 11:00 PM,السبت - الخميس: 09:00 ص - 11:00 م ,,,
361,4811,RIYADH,24.793776,46.746315,"Abi Jafar Al Mansour St, Ghirnatah district","حي غرناطة , شارع ابي جعفر المنصور",Open,Open,مفتوح,Sat – Thu: 09:00 AM - 11:00 PM,السبت - الخميس: 09:00 ص - 11:00 م ,,,
362,4812,RIYADH,24.573423,46.546997,Panda super market Adh Dhahabi St. Tawiq district,"حي طويق, شارع الضهران",Open,Open,مفتوح,Sat – Thu: 09:00 AM - 11:00 PM,السبت - الخميس: 09:00 ص - 11:00 م ,,,
363,4813,MEDINA,24.385782,39.615284,"Umm Mani Asma Bint Amr Rd, Shuran district","حي شهران , شارع ام منيع اسماء بنت عمرو",Open,Open,مفتوح,Sat – Thu: 09:00 AM - 11:00 PM,السبت - الخميس: 09:00 ص - 11:00 م ,,,
364,4814,BADR,23.78275,38.790817,King Faisal Rd,شارع الملك فيصل,Open,Open,مفتوح,Sat – Thu: 09:00 AM - 11:00 PM,السبت - الخميس: 09:00 ص - 11:00 م ,,,
365,4815,AL MAKHWAH,19.7664,41.43477,"King Fahad Rd, Al Qaza district","حي الغازي , شارع الملك فهد",Open,Open,مفتوح,Sat – Thu: 09:00 AM - 11:00 PM,السبت - الخميس: 09:00 ص - 11:00 م ,,,
366,4816,AL BAHAH,20.013718,41.464535,Al Imam Mohamad Ibn Saud St. AL Hawi district,"حي الهوي , شارع الامام محمد بن سعود",Open,Open,مفتوح,Sat – Thu: 09:00 AM - 11:00 PM,السبت - الخميس: 09:00 ص - 11:00 م ,,,
367,4817,BALJURASHI,19.86335,41.565533,King Fahad Rd. ,شارع الملك فهد,Open,Open,مفتوح,Sat – Thu: 09:00 AM - 11:00 PM,السبت - الخميس: 09:00 ص - 11:00 م ,,,
368,4818,MAKKAH AL-MUKARRAMAH,21.38645,39.836716,"3rd Ring RD, Kudy district ","حي كدي , الدائري الثالث",Open,Open,مفتوح,Sat – Thu: 09:00 AM - 11:00 PM,السبت - الخميس: 09:00 ص - 11:00 م ,,,
369,4819,MAKKAH AL-MUKARRAMAH,21.478733,39.99875,Arafat Rd. Al Rashdiah district,"حي الراشدية , شارع عرفات",Open,Open,مفتوح,Sat – Thu: 09:00 AM - 11:00 PM,السبت - الخميس: 09:00 ص - 11:00 م ,,,
370,4820,MAKKAH AL-MUKARRAMAH,21.392967,39.78595,"AL Shikh Mohammed Bin Jubaer, Al Shoqiyah district","حي الشوقية, شارع الشيخ محمد بن جبير",Open,Open,مفتوح,Sat – Thu: 09:00 AM - 11:00 PM,السبت - الخميس: 09:00 ص - 11:00 م ,,,
371,4821,AR RASS,25.877033,43.525066, King Abdulaziz RD. Taiba Dist,"حي طيبة , شارع الملك عبد العزيز",Open,Open,مفتوح,Sat – Thu: 09:00 AM - 11:00 PM,السبت - الخميس: 09:00 ص - 11:00 م ,,,
372,4822,RIYADH,24.8594,46.646667,Abu Baker Al Seddik North- Narjs district Tamami supermarket ,حي النرجس - شارع ابو بكر,Open,Open,مفتوح,Sat – Thu: 09:00 AM - 11:00 PM,السبت - الخميس: 09:00 ص - 11:00 م ,,,
373,4823,UNAYZAH,26.06605,43.98192,Zamil Al Saleem St. Al Fakhriyyah district,"حي الفاخرية , شتارع الزامل سليم",Open,Open,مفتوح,Sat – Thu: 09:00 AM - 11:00 PM,السبت - الخميس: 09:00 ص - 11:00 م ,,,
374,4824,SAIHAT,26.483133,50.0538,"Khaleej Rd, Al Kawthar district","حي الكوثر, شارع الخليج",Open,Open,مفتوح,Sat – Thu: 09:00 AM - 11:00 PM,السبت - الخميس: 09:00 ص - 11:00 م ,,,
375,4825,AL HOFUF,25.37315,49.721367,AL Jafer Al Munzilah rd,شارع جعفر المنزلة,Open,Open,مفتوح,Sat – Thu: 09:00 AM - 11:00 PM,السبت - الخميس: 09:00 ص - 11:00 م ,,,
376,4826,AL HOFUF,25.357416,49.6108,AL Mahdood St. Al Shehabiyah district,شارع المحدود حي الشهابية,Open,Open,مفتوح,Sat – Thu: 09:00 AM - 11:00 PM,السبت - الخميس: 09:00 ص - 11:00 م ,,,
377,4827,TAROUT,26.557417,50.07265,"Riyadh Rd, Al Andalus district",طريق الرياض ، حي الأندلس,Open,Open,مفتوح,Sat – Thu: 09:00 AM - 11:00 PM,السبت - الخميس: 09:00 ص - 11:00 م ,,,
378,4828,YANBU,24.107782,38.05085,"King Khalid Rd, Al Mashhad district",طريق الملك خالد ، حي المشهد,Open,Open,مفتوح,Sat – Thu: 09:00 AM - 11:00 PM,السبت - الخميس: 09:00 ص - 11:00 م ,,,
379,4829,YANBU,24.126417,38.010334,Omar Ibn AL Khatab St. AL Bahja district,شارع عمر بن الخطاب ، حي البهجة,Open,Open,مفتوح,Sat – Thu: 09:00 AM - 11:00 PM,السبت - الخميس: 09:00 ص - 11:00 م ,,,
380,4830,YANBU,24.088333,38.04677,Ali Bin Abi Talib St. Al Zuhur district,شارع علي بن أبي طالب ، حي الزهور,Open,Open,مفتوح,Sat – Thu: 09:00 AM - 11:00 PM,السبت - الخميس: 09:00 ص - 11:00 م ,,,
381,4831,JAZAN,16.883617,42.583668,"King Abdul Aziz Rd, As Safa Haper Panda",طريق الملك عبد العزيز ، الصفا هابير باندا,Open,Open,مفتوح,Sat – Thu: 09:00 AM - 11:00 PM,السبت - الخميس: 09:00 ص - 11:00 م ,,,
382,4832,HUBUNA,17.8476,44.022266,Hubuna city center main Street ,مركز مدينة هوبونا الشارع الرئيسي,Open,Open,مفتوح,Sat – Thu: 09:00 AM - 11:00 PM,السبت - الخميس: 09:00 ص - 11:00 م ,,,
383,4833,NAJRAN,17.535784,44.23905,King Abdullah Rd. AL Monajem,طريق الملك عبدالله المنجم,Open,Open,مفتوح,Sat – Thu: 09:00 AM - 11:00 PM,السبت - الخميس: 09:00 ص - 11:00 م ,,,
384,4834,MUHAYIL,18.544832,42.04622,King Abdulaziz Rd-Al Balad,طريق الملك عبد العزيز - البلد,Open,Open,مفتوح,Sat – Thu: 09:00 AM - 11:00 PM,السبت - الخميس: 09:00 ص - 11:00 م ,,,
385,4835,BAHRAH,21.399977,39.444115,"Bahra Almujahidin, Old Makkah Rd.",بحرة المجاهدين ، طريق مكة القديم,Open,Open,مفتوح,Sat – Thu: 09:00 AM - 11:00 PM,السبت - الخميس: 09:00 ص - 11:00 م ,,,
386,4836,TAIF,21.293896,40.424843,Airport Rd Al Faisailya Dist,طريق المطار حى الفيصلية,Open,Open,مفتوح,Sat – Thu: 09:00 AM - 11:00 PM,السبت - الخميس: 09:00 ص - 11:00 م ,,,
387,4837,MAKKAH AL-MUKARRAMAH,21.51345,39.78596,Taneeam St-Zahrat Al Omar,تانييم - شارع زهرة العمر,Open,Open,مفتوح,Sat – Thu: 09:00 AM - 11:00 PM,السبت - الخميس: 09:00 ص - 11:00 م ,,,
388,4838,MAKKAH AL-MUKARRAMAH,21.357231,39.82808,"Batha Quraish district,",قضاء بطحاء قريش,Open,Open,مفتوح,Sat – Thu: 09:00 AM - 11:00 PM,السبت - الخميس: 09:00 ص - 11:00 م ,,,
389,4839,MAKKAH AL-MUKARRAMAH,21.329416,39.881634,"Al Husainiah Rd, Al Awali district",طريق الحسينية ، حي العوالي,Open,Open,مفتوح,Sat – Thu: 09:00 AM - 11:00 PM,السبت - الخميس: 09:00 ص - 11:00 م ,,,
390,4840,MAKKAH AL-MUKARRAMAH,21.448116,39.76325,"Om AL Moamnen Aihsa , Faiha district",أم المؤمنين عائشة ، حي الفيحاء,Open,Open,مفتوح,Sat – Thu: 09:00 AM - 11:00 PM,السبت - الخميس: 09:00 ص - 11:00 م ,,,
391,4841,TAIF,21.265142,40.420856,"HassaN Bin Thabit, Al Shohdaa North district",حسان بن ثابت ، حي الشهداء الشمالي,Open,Open,مفتوح,Sat – Thu: 09:00 AM - 11:00 PM,السبت - الخميس: 09:00 ص - 11:00 م ,,,
392,4842,UNAYZAH,26.0726,44.009884,Shaik Mohemmed Bin Othimin RD -Onaizah Plaza,شارع الشيخ محمد بن عثيميين - عنيزا بلازا,Open,Open,مفتوح,Sat – Thu: 09:00 AM - 11:00 PM,السبت - الخميس: 09:00 ص - 11:00 م ,,,
393,4843,RIYADH,24.577778,46.7925,"Abdullah Al Othaim Markets, Arafat Rd. Al Dar Al Baida district",أسواق عبد الله العثيم، شارع عرفات، حي الدار البيضاء,Open,Open,مفتوح,Sat – Thu: 09:00 AM - 11:00 PM,السبت - الخميس: 09:00 ص - 11:00 م ,,,
394,4844,RIYADH,24.704063,46.80689,Az Zubair Ibn Al Awam St. AL Salam district,"شارع الزبير بن العوام , حي السلام",Open,Open,مفتوح,Sat – Thu: 09:00 AM - 11:00 PM,السبت - الخميس: 09:00 ص - 11:00 م ,,,
395,4845,RIYADH,24.616163,46.72143,"AL Moajeel center, Manfooha Mian st. Manfooha district",مركز المجيل،شارع المنفوحة حي المنفوحة,Open,Open,مفتوح,Sat – Thu: 09:00 AM - 11:00 PM,السبت - الخميس: 09:00 ص - 11:00 م ,,,
396,4846,RIYADH,24.884102,46.610535,"King Abdulaziz Rd, Al Aarid district",شارع الملك عبد العزيز، حي العراد,Open,Open,مفتوح,Sat – Thu: 09:00 AM - 11:00 PM,السبت - الخميس: 09:00 ص - 11:00 م ,,,
397,4847,RIYADH,24.807175,46.873566,"Abdullah Al Othaim Markets, khuris Rd. Natheem district",أسواق عبد الله العثيم، شارع خريص حي النضيم,Open,Open,مفتوح,Sat – Thu: 09:00 AM - 11:00 PM,السبت - الخميس: 09:00 ص - 11:00 م ,,,
398,4848,RIYADH,24.75408,46.5435,Saeed Ibn Zaid St. Deryyiah,شارع سعيد بن زيدو حي الدرعية,Open,Open,مفتوح,Sat – Thu: 09:00 AM - 11:00 PM,السبت - الخميس: 09:00 ص - 11:00 م ,,,
399,4849,RIYADH,24.814579,46.725723,"Qurtobah Commercial Center, Prince Mohammed Bin Salman, Qurtobah district",مركز قرطبة التجاري، شارع الأمير محمد بن سلمان، حي قرطبة,Open,Open,مفتوح,Sat – Thu: 09:00 AM - 11:00 PM,السبت - الخميس: 09:00 ص - 11:00 م ,,,
400,4850,AL QURAYYAT,31.334,37.33948,"Al Aqareyah complex, King Faisal St",مجمع العقارية، شارع الملك فيصل,Open,Open,مفتوح,Sat – Thu: 09:00 AM - 11:00 PM,السبت - الخميس: 09:00 ص - 11:00 م ,,,
401,4851,HAIL,27.5204,41.6824,"Uqdah Rd, Al Mahattah district",شارع عقبة، حي المحطة,Open,Open,مفتوح,Sat – Thu: 09:00 AM - 11:00 PM,السبت - الخميس: 09:00 ص - 11:00 م ,,,
402,4852,MEDINA,24.495115,39.703777,khalid bin euqb St. King Fahad distict,"شارع خالد بن عقاب, حي الملك فهد",Open,Open,مفتوح,Sat – Thu: 09:00 AM - 11:00 PM,السبت - الخميس: 09:00 ص - 11:00 م ,,,
403,4853,BAISH,17.382084,42.54537,King Abdulaziz Rd. Baish Mall,"شارع الملك عبد العزيز , بيشه مول",Open,Open,مفتوح,Sat – Thu: 09:00 AM - 11:00 PM,السبت - الخميس: 09:00 ص - 11:00 م ,,,
404,4854,JEDDAH,21.7569,39.120884,"Aabir Al Qarath St, Obhur Al-Shamaliyah district",شارع عبير القارت، حي ابحر الشمالية,Open,Open,مفتوح,Sat – Thu: 09:00 AM - 11:00 PM,السبت - الخميس: 09:00 ص - 11:00 م ,,,
405,4855,JEDDAH,21.40535,39.267982,"Al Sanabel Main Road, AL Sanabel district",طريق سنابل الرئيسي، حي سنابل,Open,Open,مفتوح,Sat – Thu: 09:00 AM - 11:00 PM,السبت - الخميس: 09:00 ص - 11:00 م ,,,
406,4856,TAIF,21.436508,40.48527,60 St. Hawiah district,"حي الحوية, شارع الستيين",Open,Open,مفتوح,Sat – Thu: 09:00 AM - 11:00 PM,السبت - الخميس: 09:00 ص - 11:00 م ,,,
407,4857,JEDDAH,21.640247,39.141117,"Amna Bint Wahb St, Al Naeem district",شارع امنة بنت وهب، حي النعيم,Open,Open,مفتوح,Sat – Thu: 09:00 AM - 11:00 PM,السبت - الخميس: 09:00 ص - 11:00 م ,,,
408,4858,MAKKAH AL-MUKARRAMAH,21.4284,39.785767,"Ash Shaikh Abdullah Al Khalifi, An Nuzhah district",شارع الشيخ عبد الله الخليفي، منطقة نزهة,Open,Open,مفتوح,Sat – Thu: 09:00 AM - 11:00 PM,السبت - الخميس: 09:00 ص - 11:00 م ,,,
409,4859,JEDDAH,21.569668,39.174816,"Al Imam Abdul Aziz, Panda supermarket ,Al Faisaliyyah district",شارع الإمام عبد العزيز، سوبر ماركت بنده حي الفيصلية,Open,Open,مفتوح,Sat – Thu: 09:00 AM - 11:00 PM,السبت - الخميس: 09:00 ص - 11:00 م ,,,
410,4860,DAMMAM,26.45855,50.080784,"28th Street, Al Aziziyah district","شارع 28,حي العزيزية",Open,Open,مفتوح,Sat – Thu: 09:00 AM - 11:00 PM,السبت - الخميس: 09:00 ص - 11:00 م ,,,
411,4861,DHAHRAN,26.34995,50.132534,"Ibn Batuta Street, Al Jamiah district","شارع ابن بطوطة , حي الجامعة",Open,Open,مفتوح,Sat – Thu: 09:00 AM - 11:00 PM,السبت - الخميس: 09:00 ص - 11:00 م ,,,
412,4862,RIYADH,24.808065,46.805653,"Imam Abdullah Ibn Saud Ibn Abdulaziz Rd, Al Yarmuk district","حي اليرموك , شارع عبد الله بن سعد بن عبد العزيز",Open,Open,مفتوح,Sat – Thu: 09:00 AM - 11:00 PM,السبت - الخميس: 09:00 ص - 11:00 م ,,,
413,4863,RIYADH,24.724808,46.657917,King Abdullah Rd. Ar Rahmaniyyah district,"حي الرحمانية, شارع الملك عبد الله",Open,Open,مفتوح,Sat – Thu: 09:00 AM - 11:00 PM,السبت - الخميس: 09:00 ص - 11:00 م ,,,
414,4864,RIYADH,24.699087,46.83673,"Abdullah Al Othaim Markets, Shibh al Jazirah, As Saadah district","اسواق العثيم , حي السعادة",Open,Open,مفتوح,Sat – Thu: 09:00 AM - 11:00 PM,السبت - الخميس: 09:00 ص - 11:00 م ,,,
415,4865,RIYADH,24.561613,46.70789,"Abdullah Al Othaim Markets, Ibn Taymeeyah Rd. Shifa district","اسواق العثيم , حي الشفاء",Open,Open,مفتوح,Sat – Thu: 09:00 AM - 11:00 PM,السبت - الخميس: 09:00 ص - 11:00 م ,,,
416,4866,RIYADH,24.69942,46.690136,"Prince Muhammad Bin Abdulaziz Rd (Al Tahleah), As Sulimaniyah district","السليمانية , شارع التحلية",Open,Open,مفتوح,Sat – Thu: 09:00 AM - 11:00 PM,السبت - الخميس: 09:00 ص - 11:00 م ,,,
417,4867,RIYADH,24.845835,46.75917,"Danube Market - Green Oasis, AL Thumama Rd. Monysiah district","اسواق الدنوب , المونسية",Open,Open,مفتوح,Sat – Thu: 09:00 AM - 11:00 PM,السبت - الخميس: 09:00 ص - 11:00 م ,,,
418,4868,HAIL,27.5335,41.6597,King Fahad Road Salah Al-Din district,"شارع الملك فهد , حي صلاح الدين",Open,Open,مفتوح,Sat – Thu: 09:00 AM - 11:00 PM,السبت - الخميس: 09:00 ص - 11:00 م ,,,
419,4899,MAKKAH AL-MUKARRAMAH,21.3749,39.798508,Dr. Abdul qadir Koshak St. Shoqyiah Distract  ,شارع د. عبد القادر,Open,Open,مفتوح,Sat – Thu: 08:30 AM - 11:00 PM,السبت - الخميس: 08:30 ص - 11:00 م ,,,
420,4900,AL KHOBAR,26.30214,50.181103,"Arcade Mall ,Olaya district",أركيد مول ,Open,Open,مفتوح,Sat – Thu: 09:00 AM - 11:00 PM,السبت - الخميس: 09:00 ص - 11:00 م ,,,
421,4901,MAKKAH AL-MUKARRAMAH,21.42212,39.82182,"In front of the Haram, next to the wall of the Shabika cemetery",مقابل المسجد الحرام,Open,Open,مفتوح,Sat – Thu: 09:00 AM - 11:00 PM,السبت - الخميس: 09:00 ص - 11:00 م ,,,
422,4902,MAKKAH AL-MUKARRAMAH,21.42046,39.82972,Ajyad Al-Sad in front of Al-Safa Palace,حي اجياد,Open,Open,مفتوح,Sat – Thu: 09:00 AM - 11:00 PM,السبت - الخميس: 09:00 ص - 11:00 م ,,,
423,4903,MAKKAH AL-MUKARRAMAH,21.411587,39.821404,Ibrahim Al-Khalil Street - Al-Hijlah Health Center,شارع إبراهيم الخليل,Open,Open,مفتوح,Sat – Thu: 09:00 AM - 11:00 PM,السبت - الخميس: 09:00 ص - 11:00 م ,,,
424,4904,MAKKAH AL-MUKARRAMAH,21.430384,39.82902,Al-Masjid Al-Haram Street - Gazah,شارع المسجد الحرام,Open,Open,مفتوح,Sat – Thu: 09:00 AM - 11:00 PM,السبت - الخميس: 09:00 ص - 11:00 م ,,,
425,4905,MAKKAH AL-MUKARRAMAH,21.41158,39.82284,"Al-Hijrah Street, next to Hattan Cafeteria",شارع الهجرة,Open,Open,مفتوح,Sat – Thu: 09:00 AM - 11:00 PM,السبت - الخميس: 09:00 ص - 11:00 م ,,,
426,4906,MAKKAH AL-MUKARRAMAH,21.421036,39.84769,King Abdulaziz Road next to the public parking space,شارع الملك عبد العزيز,Open,Open,مفتوح,Sat – Thu: 09:00 AM - 11:00 PM,السبت - الخميس: 09:00 ص - 11:00 م ,,,
427,4907,Al-Nearea,27.466837,48.48165,"King Abdulaziz St, Al Moajel Plaza ",شارع الملك عبد العزيز - المعجل بلازا,Open,Open,مفتوح,Sat – Thu: 09:00 AM - 11:00 PM,السبت - الخميس: 09:00 ص - 11:00 م ,,,
428,4908,DAMMAM,26.427782,50.09693,Dammam-Lulu Mall-AlAdamah Dist.,الدمام  - اللولو مول,Open,Open,مفتوح,Sat – Thu: 09:00 AM - 11:00 PM,السبت - الخميس: 09:00 ص - 11:00 م ,,,
429,4909,DAMMAM,26.395414,50.07073,"Dammam, Al-Faisaliah District, Omar Bin Al-Khattab Street",حي الفيصلية شارع عمر بن الخطاب,Open,Open,مفتوح,Sat – Thu: 08:30 AM - 11:00 PM,السبت - الخميس: 08:30 ص - 11:00 م ,,,
